"locale","en_US","it_IT","ru_RU","pt_BR","zh_CN","pl_PL","fr_FR","es_ES","en_GB","de_DE"
"Repairing of some critical component has failed.","Repairing of some critical component has failed.","La riparazione di un componente critico non è riuscita","Не удалось восстановить какой-то важный компонент.","O reparo de um componente crítico falhou.","某些关键组件的修复失败","Naprawa niektórych krytycznych komponentów nie powiodła się.","La réparation d'un composant critique a échoué.","Falló la reparación de algún componente crítico.","Repairing of some critical component has failed.","Die Reparatur einer kritischen Komponente ist fehlgeschlagen."
"A fatal error occurred:","A fatal error occurred:","Si è verificato un errore fatale:","Произошла фатальная ошибка:","Um erro fatal ocorreu:","发生致命错误","Wystąpił błąd krytyczny:","Une erreur fatale s'est produite :","Se ha producido un error fatal:","A fatal error occurred:","Ein schwerwiegender Fehler ist aufgetreten:"
"New game found","New game found","Nuova partita trovata","Найдена новая игра","Nova partida encontrada","发现新游戏","Znaleziono nową grę","Nouvelle partie trouvée","Nueva partida encontrada","New game found","Neues Spiel gefunden"
"No games","No games","Nessuna partita","Нет игр","Nenhuma partida","没有游戏","Brak gier","Aucune partie","Sin partidas","No games","Keine Spiele"
"No games on local network","No games on local network","Nessuna partita sulla rete locale","Нет игр в локальной сети","Nenhuma partida na rede local","本地网络上没有游戏","Brak gier w sieci lokalnej","Aucune partie sur le réseau local","Sin partidas en la red local","No games on local network","Keine Spiele im lokalen Netzwerk"
"Wait longer or host your own","Wait longer or host your own","Aspetta più a lungo o crea tu una partita","Подождите дольше или создайте свою","Aguarde ou crie sua própria","请稍等或自行主持游戏","Poczekaj dłużej lub utwórz własną","Attendez plus longtemps ou hébergez la vôtre","Espere más tiempo o aloje la suya propia","Wait longer or host your own","Warten Sie länger oder hosten Sie Ihr eigenes Spiel"
"Connecting to host...","Connecting to host...","Connessione all'host…","Подключение к хосту...","Conectando-se ao host…","正在连接主机...","Łączenie z hostem...","Connexion à l'hôte...","Conectando al anfitrión...","Connecting to host...","Verbindung zum Host wird hergestellt..."
"Joining the game...","Joining the game...","Connessione in corso…","Присоединение к игре...","Juntando-se à partida…","正在加入游戏...","Dołączanie do gry...","Rejoindre la partie...","Uniéndose a la partida...","Joining the game...","Der Partie wird beigetreten..."
"ms","ms","ms","мс","ms","毫秒","ms","ms","ms","ms","ms"
"Failed to open data store:","Failed to open data store:","Impossibile aprire l'archivio dati:","Не удалось открыть хранилище данных:","Falha ao abrir armazenamento de dados:","无法打开数据存储","Nie udało się otworzyć magazynu danych:","Échec de l'ouverture du magasin de données :","Error al abrir el almacén de datos:","Failed to open data store:","Datenstore konnte nicht geöffnet werden:"
"Failed to load private key:","Failed to load private key:","Impossibile caricare la chiave privata:","Не удалось загрузить закрытый ключ:","Falha ao carregar chave privada:","无法加载私钥","Nie udało się załadować klucza prywatnego:","Échec du chargement de la clé privée :","Error al cargar la clave privada:","Failed to load private key:","Privater Schlüssel konnte nicht geladen werden:"
"Envelope signature is not valid","Envelope signature is not valid","La firma del pacchetto non è valida","Подпись контакта недействительна","Assinatura de envelope invalida","信封签名无效","Podpis koperty jest nieprawidłowy","La signature de l'enveloppe n'est pas valide","La firma del sobre no es válida","Envelope signature is not valid","Umschlagssignatur ist ungültig"
"Can not dial self","Can not dial self","Non è possibile chiamare se stessi","Нельзя звонить самому себе","Não é possível conectar a si mesmo","无法自行拨号","Nie można dzwonić do siebie","Impossible de s'appeler soi-même","No se puede marcar a uno mismo","Can not dial self","Kann sich nicht selbst anrufen"
"Already connected","Already connected","Già connesso","Уже подключен","Já conectado","已连接","Już połączono","Déjà connecté","Ya conectado","Already connected","Bereits verbunden"
"Already in dial queue","Already in dial queue","Già in coda di chiamata","Уже в очереди на набор номера","Já em fila de conexão","已在拨号队列中","Już w kolejce połączeń","Déjà dans la file d'attente d'appel","Ya en la cola de marcación","Already in dial queue","Bereits in der Wählwarteschlange"
"Waiting for the server to start...","Waiting for the server to start...","In attesa dell'avvio del server…","Ждём запуска сервера…","Aguardando o servidor ser iniciado…","等待服务器启动...","Oczekiwanie na uruchomienie serwera...","En attente du démarrage du serveur...","Esperando a que el servidor se inicie...","Waiting for the server to start...","Warten auf den Start des Servers..."
"Waiting for the end of the game...","Waiting for the end of the game...","Aspettando la fine della partita…","Ждём окончания игры...","Aguardando o fim do jogo…","等待游戏结束...","Oczekiwanie na koniec gry...","En attente de la fin de la partie...","Esperando el final de la partida...","Waiting for the end of the game...","Warten auf das Ende des Spiels..."
"The client exited unexpectedly","The client exited unexpectedly","Il client è uscito inaspettatamente","Клиент неожиданно завершился","O cliente fechou inesperadamente","客户端意外退出","Klient niespodziewanie zakończył działanie","Le client s'est arrêté de manière inattendue","El cliente salió inesperadamente","The client exited unexpectedly","Der Client wurde unerwartet beendet"
"Show command to run manually","Show command to run manually","Mostra il comando da eseguire manualmente","Отобразить команду для запуска вручную","Mostrar comando para executar manualmente","显示手动运行的命令","Pokaż polecenie do ręcznego uruchomienia","Afficher la commande à exécuter manuellement","Mostrar comando para ejecutar manualmente","Show command to run manually","Befehl zur manuellen Ausführung anzeigen"
"Restart the client","Restart the client","Riavviare il client","Перезапустить клиент","Reiniciar Cliente","重启客户端","Uruchom ponownie klienta","Redémarrer le client","Reiniciar el cliente","Restart the client","Client neu starten"
"Leave","Leave","Esci","Покинуть игру","Sair","离开","Wyjdź","Quitter","Salir","Leave","Verlassen"
"Run the command in the terminal or paste it into a bat file","Run the command in the terminal or paste it into a bat file","Esegui il comando nel terminale o incollalo in un file bat","Запустите команду в терминале или вставьте её в bat-файл","Executar comando no terminal ou colar-lo em um arquivo bat","在终端中运行该命令或将其粘贴到批处理文件中","Uruchom polecenie w terminalu lub wklej je do pliku wsadowego","Exécutez la commande dans le terminal ou collez-la dans un fichier bat","Ejecute el comando en la terminal o péguelo en un archivo bat","Run the command in the terminal or paste it into a bat file","Führen Sie den Befehl im Terminal aus oder fügen Sie ihn in eine Bat-Datei ein"
"Game","Game","Partita","Игра","Jogo","游戏","Gra","Partie","Partida","Game","Spiel"
"An input delay of {delay}ms is set.","An input delay of {delay}ms is set.","È impostato un ritardo di input di {delay}ms.","Установлена задержка ввода, равная {delay}мс.","Um atraso de input de {delay}ms for configurado.","已设置 {delay}ms 的输入延迟","Ustawiono opóźnienie wejścia wynoszące {delay} ms.","Un délai d'entrée de {delay} ms est défini.","Se ha establecido un retraso de entrada de {delay} ms.","An input delay of {delay}ms is set.","Eine Eingabeverzögerung von {delay} ms ist eingestellt."
"Offense","Offense","Attacco","Неистовство","Ataque","进攻","Ofensywa","Attaque","Ofensiva","Offense","Offensive"
"Defense","Defense","Difesa","Храбрость","Defesa","防守","Obrona","Défense","Defensa","Defense","Verteidigung"
"Utility","Utility","Supporto","Хитрость","Utilidade","工具","Użytkowość","Utilité","Utilidad","Utility","Nutzen"
"Bot","Bot","Bot","Бот","Bot","机器人","Bot","Bot","Bot","Bot","Bot"
"An error occurred while unhandling the protocol: %e","An error occurred while unhandling the protocol: %e","Si è verificato un errore durante la gestione del protocollo: %e","Произошла ошибка при отключении протокола: %e","Um erro ocorreu enquanto","处理协议时发生错误：%e","Wystąpił błąd podczas obsługi protokołu: %e","Une erreur s'est produite lors de la gestion du protocole : %e","Se produjo un error al manejar el protocolo: %e","An error occurred while unhandling the protocol: %e","Beim Behandeln des Protokolls ist ein Fehler aufgetreten: %e"
"New Page","New Page","Nuova Pagina","Новая страница","Nova página","新页面","Nowa strona","Nouvelle page","Nueva página","New Page","Neue Seite"
"{name} joined the lobby","{name} joined the lobby","{name} si è unito alla lobby","{name} присоединился к лобби","{name} se entrou no saguão","{name} 加入了游乐厅","{name} dołączył do poczekalni","{name} a rejoint le hall","{name} se unió al vestíbulo","{name} joined the lobby","{name} hat die Lobby betreten"
"web + torrents + mega.nz","web + torrents + mega.nz","web + torrents + mega.nz","веб-сервера + торрентов + mega.nz","web + torrents + mega.nz","网页 + 种子 + mega.nz","sieć + torrenty + mega.nz","web + torrents + mega.nz","web + torrents + mega.nz","web + torrents + mega.nz","Web + Torrents + mega.nz"
"web + torrents","web + torrents","web + torrents","веб-сервера + торрентов","web + torrents","网页 + 种子","sieć + torrenty","web + torrents","web + torrents","web + torrents","Web + Torrents"
"web + mega.nz","web + mega.nz","web + mega.nz","веб-сервера + mega.nz","web + mega.nz","网页 + mega.nz","sieć + mega.nz","web + mega.nz","web + mega.nz","web + mega.nz","Web + mega.nz"
"web","web","web","веб-сервера","web","网页","sieć","web","web","web","Web"
"Player","Player","Giocatore","Игрок","Jogador","玩家","Gracz","Joueur","Jugador","Player","Spieler"
"New player joined","New player joined","Nuovo giocatore si è unito","Присоединился новый игрок","Novo jogardor se juntou","新玩家加入","Dołączył nowy gracz","Nouveau joueur rejoint","Nuevo jugador se unió","New player joined","Neuer Spieler beigetreten"
"Download files from mega.nz","Download files from mega.nz","Scarica file da mega.nz","Скачивать файлы с mega.nz","Baixar arquivos via mega.nz","从 mega.nz 下载文件","Pobierz pliki z mega.nz","Télécharger les fichiers depuis mega.nz","Descargar archivos desde mega.nz","Download files from mega.nz","Dateien von mega.nz herunterladen"
"Download and Seed files via BitTorrent","Download and Seed files via BitTorrent","Scarica e distribuisci file tramite BitTorrent","Скачивайть и раздавать файлы через BitTorrent","Baixar arquivos e semear via BitTorrent","通过 BitTorrent 下载和分享文件","Pobieraj i udostępniaj pliki przez BitTorrent","Télécharger et partager des fichiers via BitTorrent","Descargar y compartir archivos vía BitTorrent","Download and Seed files via BitTorrent","Dateien über BitTorrent herunterladen und seeden"
"Connect to other players via Internet","Connect to other players via Internet","Connettiti ad altri giocatori tramite Internet","Подключаться к другим игрокам через Интернет","Conectar a outros jogadores via Internet","通过互联网连接其他玩家","Połącz się z innymi graczami przez Internet","Se connecter à d'autres joueurs via Internet","Conectarse a otros jugadores vía Internet","Connect to other players via Internet","Mit anderen Spielern über das Internet verbinden"
"Download game server updates","Download game server updates","Scarica gli aggiornamenti del server di gioco","Скачивать обновления для игрового сервера","Baixar atualizações de servidor","下载游戏服务器更新","Pobierz aktualizacje serwera gry","Télécharger les mises à jour du serveur de jeu","Descargar actualizaciones del servidor de juego","Download game server updates","Spielserver-Updates herunterladen"
"Download launcher updates","Download launcher updates","Scarica gli aggiornamenti del launcher","Скачивать обновления для лаунчера","Baisar atualizaçoes do launcher","下载启动器更新","Pobierz aktualizacje launchera","Télécharger les mises à jour du lanceur","Descargar actualizaciones del lanzador","Download launcher updates","Launcher-Updates herunterladen"
"Set custom UDP port number to use","Set custom UDP port number to use","Imposta il numero di porta UDP personalizzato da utilizzare","Укажите другой номер UDP-порта для использования","Buscar por porta UDP personalizada","设置要使用的自定义 UDP 端口号","Ustaw niestandardowy numer portu UDP","Définir le numéro de port UDP personnalisé à utiliser","Establecer número de puerto UDP personalizado","Set custom UDP port number to use","Benutzerdefinierte UDP-Portnummer festlegen"
"Install the package with additional levels","Install the package with additional levels","Installa il pacchetto con livelli aggiuntivi","Установить пакет с дополнительными уровнями","Instalar pacote com mapas adicionais","安装包含额外关卡的软件包","Zainstaluj pakiet z dodatkowymi poziomami","Installer le paquet avec des niveaux supplémentaires","Instalar el paquete con niveles adicionales","Install the package with additional levels","Paket mit zusätzlichen Levels installieren"
"(Debug) Download+Unpack+Build missing files","(Debug) Download+Unpack+Build missing files","(Debug) Scarica+Estrai+Crea file mancanti","(Отладка) Загрузка+Распаковка+Сборка недостающих файлов","(Debug) Baixar+Descompactar+Buildar+Criar Arquivos ausentes","(调试) 下载+解压+构建缺失文件","(Debug) Pobierz+Rozpakuj+Zbuduj brakujące pliki","(Débogage) Télécharger+Décompresser+Compiler les fichiers manquants","(Depurar) Descargar+Descomprimir+Compilar archivos faltantes","(Debug) Download+Unpack+Build missing files","(Debug) Fehlende Dateien herunterladen+entpacken+erstellen"
"(Debug) Download missing files","(Debug) Download missing files","(Debug) Scarica i file mancanti","(Отладка) Загрузка недостающих файлов","(Debug) Download missing files","(调试) 下载缺失文件","(Debug) Pobierz brakujące pliki","(Débogage) Télécharger les fichiers manquants","(Depurar) Descargar archivos faltantes","(Debug) Download missing files","(Debug) Fehlende Dateien herunterladen"
"(Debug) Unpack missing files","(Debug) Unpack missing files","(Debug) Estrarre i file mancanti","(Отладка) Распаковка недостающих файлов","(Debug) Unpack missing files","(调试) 解压缺失文件","(Debug) Rozpakuj brakujące pliki","(Débogage) Décompresser les fichiers manquants","(Depurar) Descomprimir archivos faltantes","(Debug) Unpack missing files","(Debug) Fehlende Dateien entpacken"
"(Debug) Build missing files","(Debug) Build missing files","(Debug) Compila i file mancanti","(Отладка) Сборка недостающих файлов","(Debug) Build missing files","(调试) 构建缺失文件","(Debug) Zbuduj brakujące pliki","(Débogage) Compiler les fichiers manquants","(Depurar) Compilar archivos faltantes","(Debug) Build missing files","(Debug) Fehlende Dateien erstellen"
"Ask about custom arguments at startup","Ask about custom arguments at startup","Richiedi informazioni sugli argomenti personalizzati all'avvio","Спрашивать об аргументах при запуске","Perguntar sobre argumentos customizados ao inicializar","启动时询问自定义参数","Pytaj o niestandardowe argumenty przy uruchamianiu","Demander les arguments personnalisés au démarrage","Preguntar por argumentos personalizados al iniciar","Ask about custom arguments at startup","Beim Start nach benutzerdefinierten Argumenten fragen"
"(Internal) Use JSON RPC for I/O","(Internal) Use JSON RPC for I/O","(Interno) Utilizzare JSON RPC per I/O","(Внутренний) Использовать JSON-RPC для ввода-вывода","(Internal) Usar JSON RPC para I/O","(内部) 使用 JSON RPC 进行 I/O 操作","(Wewnętrzne) Używaj JSON RPC do I/O","(Interne) Utiliser JSON RPC pour les E/S","(Interno) Usar JSON RPC para E/S","(Internal) Use JSON RPC for I/O","(Intern) JSON RPC für E/A verwenden"
"(Internal) Specify the system locale","(Internal) Specify the system locale","(Interno) Specificare le impostazioni locali del sistema","(Внутренний) Укажите используемый системой язык","(Internal) Specificar a localização do sistema","(内部) 指定系统区域设置","(Wewnętrzne) Określ ustawienia regionalne systemu","(Interne) Spécifier les paramètres régionaux du système","(Interno) Especificar la configuración regional del sistema","(Internal) Specify the system locale","(Intern) Systemgebietsschema angeben"
"Fetching a list of open requests failed:","Fetching a list of open requests failed:","Impossibile recuperare l’elenco delle richieste aperte:","Не удалось получить список открытых запросов:","Falha ao obter lista de solicitações em aberto:","获取已打开请求列表失败","Nie udało się pobrać listy otwartych żądań:","Échec de la récupération de la liste des requêtes ouvertes :","Error al obtener la lista de solicitudes abiertas:","Fetching a list of open requests failed:","Abrufen einer Liste offener Anfragen fehlgeschlagen:"
"{mr_reference} · created by {mr_author_name}","{mr_reference} · created by {mr_author_name}","{mr_reference} · creato da {mr_author_name}","{mr_reference} · создано {mr_author_name}","{mr_reference} · created by {mr_author_name}","{mr_reference} · 由 {mr_author_name} 创建","{mr_reference} · utworzone przez {mr_author_name}","{mr_reference} · créé par {mr_author_name}","{mr_reference} · creado por {mr_author_name}","{mr_reference} · created by {mr_author_name}","{mr_reference} · erstellt von {mr_author_name}"
"Disconnected","Disconnected","Disconnesso","Отключён","Desconectado","已断开连接","Rozłączono","Déconnecté","Desconectado","Disconnected","Getrennt"
"Connecting...","Connecting...","Connessione in corso…","Подключение…","Conectando…","正在连接...","Łączenie...","Connexion...","Conectando...","Connecting...","Verbinden..."
"Connected","Connected","Connesso","Подключен","Conectado","已连接","Połączono","Connecté","Conectado","Connected","Verbunden"
"Connection failed","Connection failed","Connessione fallita","Не удалось установить соединение","Conexão falhou","连接失败","Połączenie nieudane","Échec de la connexion","Conexión fallida","Connection failed","Verbindung fehlgeschlagen"
"No connections","No connections","Nessuna connessione","Нет соединений","Nenhuma Conexão","无连接","Brak połączeń","Aucune connexion","Sin conexiones","No connections","Keine Verbindungen"
"Parsing the key failed:","Parsing the key failed:","Analisi della chiave non riuscita:","Не удалось выполнить синтаксический анализ ключа:","Parsing da chave falhou:","解析键失败","Analiza klucza nie powiodła się:","L'analyse de la clé a échoué :","El análisis de la clave falló:","Parsing the key failed:","Parsen des Schlüssels fehlgeschlagen:"
"Connecting via key failed:","Connecting via key failed:","Connessione tramite chiave non riuscita:","Не удалось подключиться с помощью ключа:","Conexão via chave falhou:","通过键连接失败","Połączenie przez klucz nie powiodło się:","Échec de la connexion via la clé :","Falló la conexión mediante clave:","Connecting via key failed:","Verbindung über Schlüssel fehlgeschlagen:"
"Extracting embedded torrent file failed","Extracting embedded torrent file failed","Impossibile estrarre il file torrent incorporato","Не удалось извлечь вшитый торрент-файл","Falha ao extrair arquivo torrent","提取嵌入的种子文件失败","Wyodrębnianie osadzonego pliku torrent nie powiodło się","Échec de l'extraction du fichier torrent intégré","Falló la extracción del archivo torrent incrustado","Extracting embedded torrent file failed","Extrahieren der eingebetteten Torrent-Datei fehlgeschlagen"
"Checking for updates","Checking for updates","Verifica aggiornamenti in corso…","Не удалось проверить наличие обновлений","Buscando por atualizações","检查更新","Sprawdzanie aktualizacji","Vérification des mises à jour","Comprobando actualizaciones","Checking for updates","Nach Updates suchen"
"No suitable launcher update archive found.","No suitable launcher update archive found.","Non è stato trovato alcun archivio di aggiornamento del launcher adatto.","Не найден подходящий архив для обновления.","Nenhum arquivo de launcher adequado encontrado.","未找到合适的启动器更新存档","Nie znaleziono odpowiedniego archiwum aktualizacji launchera.","Aucune archive de mise à jour du lanceur appropriée trouvée.","No se encontró ningún archivo de actualización del lanzador adecuado.","No suitable launcher update archive found.","Kein geeignetes Launcher-Update-Archiv gefunden."
"Already using the latest launcher version.","Already using the latest launcher version.","Stai già usando l’ultima versione del launcher","Уже используется последняя версия лаунчера.","Já utilizando versão mais recente.","已使用最新启动器版本","Już używasz najnowszej wersji launchera.","Vous utilisez déjà la dernière version du lanceur.","Ya está utilizando la última versión del lanzador.","Already using the latest launcher version.","Bereits die neueste Version des Launchers wird verwendet."
"{fbPkg_zipTorrent} exists already","{fbPkg_zipTorrent} exists already","{fbPkg_zipTorrent} esiste già","{fbPkg_zipTorrent} уже существует","{fbPkg_zipTorrent} já existe","{fbPkg_zipTorrent} 已存在","{fbPkg_zipTorrent} już istnieje","{fbPkg_zipTorrent} existe déjà","{fbPkg_zipTorrent} ya existe","{fbPkg_zipTorrent} exists already","{fbPkg_zipTorrent} existiert bereits"
"{fbPkg_zipTorrent} download failed:","{fbPkg_zipTorrent} download failed:","{fbPkg_zipTorrent} download fallito:","Не удалось загрузить {fbPkg_zipTorrent}:","{fbPkg_zipTorrent} download falhou:","{fbPkg_zipTorrent} 下载失败","Pobieranie {fbPkg_zipTorrent} nie powiodło się:","Échec du téléchargement de {fbPkg_zipTorrent} :","Falló la descarga de {fbPkg_zipTorrent}:","{fbPkg_zipTorrent} download failed:","Download von {fbPkg_zipTorrent} fehlgeschlagen:"
"Update check failed:","Update check failed:","Controllo aggiornamenti non riuscito:","Не удалось проверить обновление:","Verificação de atualização falhou:","更新检查失败","Sprawdzanie aktualizacji nie powiodło się:","Échec de la vérification des mises à jour :","Falló la comprobación de actualizaciones:","Update check failed:","Update-Prüfung fehlgeschlagen:"
"Official Server #{i_plus_one}","Official Server #{i_plus_one}","Server Ufficiale #{i_plus_one}","Официальный сервер #{i_plus_one}","Servidor Oficial #{i_plus_one}","官方服务器 #{i_plus_one}","Oficjalny Serwer #{i_plus_one}","Serveur Officiel #{i_plus_one}","Servidor Oficial #{i_plus_one}","Official Server #{i_plus_one}","Offizieller Server #{i_plus_one}"
"Unknown #ERROR","Unknown #ERROR","Sconosciuto #ERRORE","Неизвестная #ОШИБКА","#ERRO Desconhecido","未知 #ERROR","Nieznany #BŁĄD","Inconnu #ERREUR","Desconocido #ERROR","Unknown #ERROR","Unbekannt #FEHLER"
"Unknown","Unknown","Sconosciuto","Неизвестно","Desconhecido","未知","Nieznany","Inconnu","Desconocido","Unknown","Unbekannt"
"ERROR","ERROR","ERRORE","ОШИБКА","ERRO","ERROR","BŁĄD","ERREUR","ERROR","ERROR","FEHLER"
"Anonymous #{hashtag} (You)","Anonymous #{hashtag} (You)","Anonimo #{hashtag} (Tu)","Аноним #{hashtag} (Вы)","Anônimo #{hashtag} (You)","匿名 #{hashtag} (您)","Anonimowy #{hashtag} (Ty)","Anonyme #{hashtag} (Vous)","Anónimo #{hashtag} (Tú)","Anonymous #{hashtag} (You)","Anonym #{hashtag} (Sie)"
"Anonymous #{hashtag}","Anonymous #{hashtag}","Anonimo #{hashtag}","Аноним #{hashtag}","Anônimo #{hashtag}","匿名 #{hashtag}","Anonimowy #{hashtag}","Anonyme #{hashtag}","Anónimo #{hashtag}","Anonymous #{hashtag}","Anonym #{hashtag}"
"Anonymous","Anonymous","Anonimo","Аноним","Anônimo","匿名","Anonimowy","Anonyme","Anónimo","Anonymous","Anonym"
"{championName} (Bot)","{championName} (Bot)","{championName} (Bot)","{championName} (Бот)","{championName} (Bot)","{championName}（机器人）","{championName} (Bot)","{championName} (Bot)","{championName} (Bot)","{championName} (Bot)","{championName} (Bot)"
"Checking file existance failed","Checking file existance failed","Impossibile controllare l'esistenza del file","Не удалось проверить существование файла","Falha ao checar existência de arquivo","检查文件是否存在失败","Sprawdzanie istnienia pliku nie powiodło się","Échec de la vérification de l'existence du fichier","Falló la comprobación de la existencia del archivo","Checking file existance failed","Überprüfung der Dateiexistenz fehlgeschlagen"
"File size mismatch","File size mismatch","Mancata corrispondenza delle dimensioni del file","Несоответствие размера файла","Tamanho de arquivo inesperado","文件大小不匹配","Niezgodność rozmiaru pliku","Taille de fichier incorrecte","Tamaño de archivo incorrecto","File size mismatch","Dateigröße stimmt nicht überein"
"Checking file size failed","Checking file size failed","Impossibile controllare le dimensioni del file","Не удалось проверить размер файла","Falha ao verificar tamnho de arquivo","检查文件大小失败","Sprawdzanie rozmiaru pliku nie powiodło się","Échec de la vérification de la taille du fichier","Falló la comprobación del tamaño del archivo","Checking file size failed","Überprüfung der Dateigröße fehlgeschlagen"
"Copying file failed","Copying file failed","Impossibile copiare il file","Не удалось скопировать файл","Falha ao copiar arquivo","复制文件失败","Kopiowanie pliku nie powiodło się","Échec de la copie du fichier","Falló la copia del archivo","Copying file failed","Kopieren der Datei fehlgeschlagen"
"Opening file failed","Opening file failed","Impossibile aprire il file","Не удалось открыть файл","Falha ao abrir arquivo","打开文件失败","Otwieranie pliku nie powiodło się","Échec de l'ouverture du fichier","Falló la apertura del archivo","Opening file failed","Öffnen der Datei fehlgeschlagen"
"Saving file failed","Saving file failed","Impossibile salvare il file","Не удалось сохранить файл","Falha ao salvar arquivo","保存文件失败","Zapisywanie pliku nie powiodło się","Échec de l'enregistrement du fichier","Falló el guardado del archivo","Saving file failed","Speichern der Datei fehlgeschlagen"
"Changing file mode failed","Changing file mode failed","Impossibile modificare i permessi del file","Не удалось измененить режим файла","Falha ao alterar mode de arquivo","更改文件权限失败","Zmiana trybu pliku nie powiodła się","Échec du changement de mode du fichier","Falló el cambio de modo del archivo","Changing file mode failed","Ändern des Dateimodus fehlgeschlagen"
"Moving file failed","Moving file failed","Impossibile spostare il file","Не удалось переместить файл","Falha ao mover arquivo","移动文件失败","Przenoszenie pliku nie powiodło się","Échec du déplacement du fichier","Falló el movimiento del archivo","Moving file failed","Verschieben der Datei fehlgeschlagen"
"Removing file failed","Removing file failed","Impossibile rimuovere il file","Не удалось удалить файл","Falha ao remover arquivo","删除文件失败","Usuwanie pliku nie powiodło się","Échec de la suppression du fichier","Falló la eliminación del archivo","Removing file failed","Entfernen der Datei fehlgeschlagen"
"Resizing file failed","Resizing file failed","Impossibile ridimensionare il file","Не удалось измененить размер файла","Falha ao redimensionar arquivo","调整文件大小失败","Zmiana rozmiaru pliku nie powiodła się","Échec du redimensionnement du fichier","Falló el redimensionamiento del archivo","Resizing file failed","Größenänderung der Datei fehlgeschlagen"
"File not found","File not found","File non trovato","Файл не найден","Arquivo não encontrado","未找到文件","Nie znaleziono pliku","Fichier introuvable","Archivo no encontrado","File not found","Datei nicht gefunden"
"Reading directory failed","Reading directory failed","Impossibile leggere la directory:","Не удалось прочитать каталог","Falha ao ler diretório","读取目录失败","Odczytywanie katalogu nie powiodło się","Échec de la lecture du répertoire","Falló la lectura del directorio","Reading directory failed","Lesen des Verzeichnisses fehlgeschlagen"
"Reading file stats failed","Reading file stats failed","Impossibile leggere le informazioni del file:","Не удалось прочитать статистику файла","Falha ao ler arquivo de stats","读取文件属性失败","Odczytywanie statystyk pliku nie powiodło się","Échec de la lecture des statistiques du fichier","Falló la lectura de las estadísticas del archivo","Reading file stats failed","Lesen der Dateistatistiken fehlgeschlagen"
"Blind Pick","Blind Pick","Selezione alla cieca","Выбор вслепую","Escolha às cegas","盲选","Losowy wybór","Sélection aveugle","Selección a ciegas","Blind Pick","Blindauswahl"
"Team","Team","Squadra","Команда","Equipe","队伍","Drużyna","Équipe","Equipo","Team","Team"
"Blue","Blue","Blu","Синий","Azul","蓝方","Niebieski","Bleu","Azul","Blue","Blau"
"Purple","Purple","Viola","Фиолетовый","Roxo","紫方","Fioletowy","Violet","Morado","Purple","Lila"
"Neutral","Neutral","Neutrale","Нейтральный","Neutro","中立","Neutralny","Neutre","Neutral","Neutral","Neutral"
"Lock","Lock","Blocca","Блокировка","Bloquear","锁定","Zablokuj","Verrouiller","Bloquear","Lock","Sperren"
"Unlocked","Unlocked","Scbloccato","Разблокирован","Desbloqueado","已解锁","Odblokowany","Déverrouillé","Desbloqueado","Unlocked","Entsperrt"
"Locked","Locked","Bloccato","Заблокирован","Bloqueado","已锁定","Zablokowany","Verrouillé","Bloqueado","Locked","Gesperrt"
"Player Count","Player Count","Numero giocatori","Количество игроков","Número de Jogadores","玩家数量","Liczba graczy","Nombre de joueurs","Número de jugadores","Player Count","Spieleranzahl"
"Tick Rate","Tick Rate","Frequenza tick","Частота обновлений","Tickrate","更新频率","Częstotliwość ticków","Fréquence de tick","Tasa de ticks","Tick Rate","Tick-Rate"
"Password","Password","Password","Пароль","Senha","密码","Hasło","Mot de passe","Contraseña","Password","Passwort"
"undefined","undefined","non definita","не указан","Indefinido","未定义","niezdefiniowane","indéfini","indefinido","undefined","undefiniert"
"Name","Name","Nome","Имя","Nome","名称","Nazwa","Nom","Nombre","Name","Name"
"Rank","Rank","Classifica","Ранг","Ranque","段位","Ranga","Rang","Rango","Rank","Rang"
"BRONZE","BRONZE","BRONZO","Бронзовый","BRONZE","青铜","BRĄZ","BRONZE","BRONCE","BRONZE","BRONZE"
"GOLD","GOLD","ORO","Золотой","OURO","黄金","ZŁOTO","OR","ORO","GOLD","GOLD"
"PLATINUM","PLATINUM","PLATINO","Платиновый","PLATINA","铂金","PLATYNA","PLATINE","PLATINO","PLATINUM","PLATIN"
"SILVER","SILVER","ARGENTO","Серебряный","PRATA","白银","SREBRO","ARGENT","PLATA","SILVER","SILBER"
"UNRANKED","UNRANKED","NON CLASSIFICATO","Безранговый","Não Rankeado","无段位","BEZ RANGI","NON CLASSÉ","SIN RANGO","UNRANKED","OHNE RANG"
"Features Enabled","Features Enabled","Funzionalità abilitate","Включённые опции","Habilitar configurações extras","已启用功能","Włączone funkcje","Fonctionnalités activées","Funciones habilitadas","Features Enabled","Funktionen aktiviert"
"Enable Cheats","Enable Cheats","Abilita trucchi","Включить читы","Habilitar Cheats","启用作弊","Włącz cheaty","Activer les triches","Activar trucos","Enable Cheats","Cheats aktivieren"
"Disable Manacosts","Disable Manacosts","Disabilita costi mana","Отключить Стоимости","Desabilitar custos de mana (quando aplicável)","禁用法力消耗","Wyłącz koszty many","Désactiver les coûts de mana","Desactivar costes de maná","Disable Manacosts","Manakosten deaktivieren"
"Disable Cooldowns","Disable Cooldowns","Disabilita tempi di recupero","Отключить Перезарядки","Desabilitar Cooldowns (quando aplicável)","禁用冷却时间","Wyłącz czasy odnowienia","Désactiver les temps de recharge","Desactivar tiempos de reutilización","Disable Cooldowns","Abklingzeiten deaktivieren"
"Disable Minions","Disable Minions","Disabilita minion","Отключить Миньонов","Desabilitar Minions","禁用小兵","Wyłącz miniony","Désactiver les sbires","Desactivar súbditos","Disable Minions","Vasallen deaktivieren"
"Enable Half-Ping Mode","Enable Half-Ping Mode","Abilita modalità Half-Ping","Включить режим полупинга","Habilitar modo ""Meio-Ping""","启用半平模式","Włącz tryb Half-Ping","Activer le mode Demi-Ping","Activar modo Medio-Ping","Enable Half-Ping Mode","Half-Ping-Modus aktivieren"
"Using built-in list of torrent-trackers","Using built-in list of torrent-trackers","Utilizzo della lista integrata dei tracker torrent","Используется вшитый список торрент-трекеров","Utilizar list padrão de rastreadores torrent","使用内置的种子追踪器列表","Używanie wbudowanej listy trackerów torrent","Utilisation de la liste intégrée de trackers torrent","Usando la lista integrada de rastreadores torrent","Using built-in list of torrent-trackers","Integrierte Liste von Torrent-Trackern wird verwendet"
"Downloading","Downloading","Download in corso","Скачивается","Baixando…","正在下载","Pobieranie","Téléchargement","Descargando","Downloading","Herunterladen"
"Downloading torrent-tracker list failed:","Downloading torrent-tracker list failed:","Impossibile scaricare la lista dei tracker torrent:","Не удалось загрузить список торрент-трекеров:","Falha ao baixar lista de rastreadores torrent:","下载种子追踪器列表失败","Pobieranie listy trackerów torrent nie powiodło się:","Échec du téléchargement de la liste de trackers torrent :","Falló la descarga de la lista de rastreadores torrent:","Downloading torrent-tracker list failed:","Herunterladen der Torrent-Tracker-Liste fehlgeschlagen:"
"Unpacking","Unpacking","Decompressione","Распаковывается","Descompactando","正在解压","Rozpakowywanie","Décompression","Descomprimiendo","Unpacking","Entpacken"
"Packing","Packing","Compressione","Упаковывается","Compactando","正在打包","Pakowanie","Compression","Comprimiendo","Packing","Packen"
"Restoring torrent trackers list failed:","Restoring torrent trackers list failed:","Impossibile ripristinare la lista dei tracker torrent:","Не удалось восстановить список торрент-трекеров:","Falha ao restaurar lista de rastreadores torrent","恢复种子追踪器列表失败","Przywracanie listy trackerów torrent nie powiodło się:","Échec de la restauration de la liste de trackers torrent :","Falló la restauración de la lista de rastreadores torrent:","Restoring torrent trackers list failed:","Wiederherstellen der Torrent-Tracker-Liste fehlgeschlagen:"
"Restoring torrent files failed:","Restoring torrent files failed:","Impossibile ripristinare i file torrent:","Не удалось восстановить торрент-файлы:","Falha ao restaurar arquivos torrent","恢复种子文件失败","Przywracanie plików torrent nie powiodło się:","Échec de la restauration des fichiers torrent :","Falló la restauración de los archivos torrent:","Restoring torrent files failed:","Wiederherstellen der Torrent-Dateien fehlgeschlagen:"
"Restoring 7z archiver executable failed:","Restoring 7z archiver executable failed:","Impossibile ripristinare l’eseguibile dell’archiviatore 7z:","Не удалось восстановить исполняемый файл архиватора 7z:","Falha ao restaurar executável 7z","恢复 7z 压缩软件可执行文件失败","Przywracanie pliku wykonywalnego archiwizatora 7z nie powiodło się:","Échec de la restauration de l'exécutable de l'archiveur 7z :","Falló la restauración del ejecutable del archivador 7z:","Restoring 7z archiver executable failed:","Wiederherstellen der 7z-Archivierer-Executable fehlgeschlagen:"
"Restoring Aria2 downloader executable failed:","Restoring Aria2 downloader executable failed:","Impossibile ripristinare l’eseguibile di Aria2:","Не удалось восстановить исполняемый файл скачивателя Aria2:","Falha ao restaurar executável Aria2 Downloader","恢复 Aria2 下载器可执行文件失败","Przywracanie pliku wykonywalnego pobieracza Aria2 nie powiodło się:","Échec de la restauration de l'exécutable du téléchargeur Aria2 :","Falló la restauración del ejecutable del descargador Aria2:","Restoring Aria2 downloader executable failed:","Wiederherstellen der Aria2-Downloader-Executable fehlgeschlagen:"
"Copying","Copying","Copia","Копируется","Copiando","正在复制","Kopiowanie","Copie","Copiando","Copying","Kopieren"
"Moving","Moving","Spostamento","Перемещается","Movendo","正在移动","Przenoszenie","Déplacement","Moviendo","Moving","Verschieben"
"Failed to seed {pkg_zipName}:","Failed to seed {pkg_zipName}:","Impossibile inizializzare {pkg_zipName}:","Не удалось поставить на раздачу {pkg_zipName}:","Falha ao semear {pkg_zipName}:","无法为 {pkg_zipName} 提供种子","Nie udało się seedować {pkg_zipName}:","Échec du seeding de {pkg_zipName} :","Falló el seeding de {pkg_zipName}:","Failed to seed {pkg_zipName}:","Seeding von {pkg_zipName} fehlgeschlagen:"
"Moving required file failed","Moving required file failed","Spostamento del file richiesto non riuscito","Не удалось переместить необходимый файл","Falha ao mover arquivo arquivo necessário","移动必需文件失败","Przenoszenie wymaganego pliku nie powiodło się","Échec du déplacement du fichier requis","Falló el movimiento del archivo requerido","Moving required file failed","Verschieben der erforderlichen Datei fehlgeschlagen"
"Moving optional file failed","Moving optional file failed","Spostamento del file opzionale non riuscito","Не удалось переместить необязательный файл","Falha ao mover arquivo opcional","移动可选文件失败","Przenoszenie opcjonalnego pliku nie powiodło się","Échec du déplacement du fichier optionnel","Falló el movimiento del archivo opcional","Moving optional file failed","Verschieben der optionalen Datei fehlgeschlagen"
"Found temporary unpacker file:","Found temporary unpacker file:","Trovato file temporaneo dell’estrattore:","Найден временный файл распаковщика:","Descompactador temporário encontrado:","发现临时解压文件","Znaleziono tymczasowy plik rozpakowujący:","Fichier de décompression temporaire trouvé :","Se encontró archivo temporal de descompresión:","Found temporary unpacker file:","Temporäre Entpacker-Datei gefunden:"
"Found temporary downloader file:","Found temporary downloader file:","Trovato file temporaneo del downloader:","Найден временный файл скачивателя:","Arquivo downloader temporário encontrado:","发现临时下载器文件","Znaleziono tymczasowy plik pobierający:","Fichier de téléchargement temporaire trouvé :","Se encontró archivo temporal de descarga:","Found temporary downloader file:","Temporäre Downloader-Datei gefunden:"
"Unpacking failed","Unpacking failed","Impossibile decomprimere","Не удалось распаковать","Falha ao descompactar","解压失败","Rozpakowywanie nie powiodło się","Échec de la décompression","Falló la descompresión","Unpacking failed","Entpacken fehlgeschlagen"
"Launcher","Launcher","Launcher","Лаунчер","Launcher","启动器","Launcher","Lanceur","Lanzador","Launcher","Launcher"
"Game Client","Game Client","Client di gioco","Игровой клиент","Cliente do Jogo","游戏客户端","Klient gry","Client de jeu","Cliente del juego","Game Client","Spielclient"
"Game Server","Game Server","Server di gioco","Игровой сервер","Servidor do Jogo","游戏服务器","Serwer gry","Serveur de jeu","Servidor del juego","Game Server","Spielserver"
".NET SDK",".NET SDK",".NET SDK",".NET SDK","SKD .NET",".NET SDK",".NET SDK",".NET SDK",".NET SDK",".NET SDK",".NET SDK"
"Git","Git","Git","Git","Git","Git","Git","Git","Git","Git","Git"
"Additional Maps Modpack","Additional Maps Modpack","Modpack mappe aggiuntive","Пакет с дополнительными картами","Modpack de mapa adicionais","额外地图模组包","Modpakiet z dodatkowymi mapami","Modpack de cartes supplémentaires","Modpack de mapas adicionales","Additional Maps Modpack","Zusätzliche Karten-Modpack"
"Updating","Updating","Aggiornamento in corso","Обновляется","Atualizando","正在更新","Aktualizowanie","Mise à jour","Actualizando","Updating","Aktualisieren"
"Switching the branch to {newBranchName}...","Switching the branch to {newBranchName}...","Cambio del ramo in {newBranchName}...","Переключение ветви на {newBranchName}...","Trocando banch para {newBranchName}…","切换分支至 {newBranchName}...","Przełączanie gałęzi na {newBranchName}...","Changement de branche vers {newBranchName}...","Cambiando la rama a {newBranchName}...","Switching the branch to {newBranchName}...","Wechseln der Branche zu {newBranchName}..."
"The update failed, see the log for details.","The update failed, see the log for details.","L'aggiornamento non è riuscito, vedere log.txt per i dettagli.","Обновление завершилось неудачно, подробности смотрите в журнале.","A atuailzação falhou, cheque os logs para mais detalhes.","更新失败，请查看日志了解详情","Aktualizacja nie powiodła się, zobacz dziennik, aby uzyskać szczegóły.","La mise à jour a échoué, voir le journal pour plus de détails.","La actualización falló, consulte el registro para más detalles.","The update failed, see the log for details.","Das Update ist fehlgeschlagen, siehe Log für Details."
"Time synchronization successful. Offset: {offset}. Precision: {precision}","Time synchronization successful. Offset: {offset}. Precision: {precision}","Sincronizzazione dell’orologio riuscita. Scostamento: {offset}. Precisione: {precision}","Синхронизация времени прошла успешно. Смещение: {offset}. Точность: {precision}","Sincronização de tempo bem sucedida. Offset: {offset}. Precisão: {precision}","时间同步成功偏移量：{offset}精度：{precision}","Synchronizacja czasu powiodła się. Przesunięcie: {offset}. Precyzja: {precision}","Synchronisation de l'heure réussie. Décalage : {offset}. Précision : {precision}","Sincronización de tiempo exitosa. Desplazamiento: {offset}. Precisión: {precision}","Time synchronization successful. Offset: {offset}. Precision: {precision}","Zeitsynchronisierung erfolgreich. Versatz: {offset}. Genauigkeit: {precision}"
"Alistar","Alistar","Alistar","Алистар","Alistar","阿利斯塔","Alistar","Alistar","Alistar","Alistar","Alistar"
"Annie","Annie","Annie","Энни","Annie","安妮","Annie","Annie","Annie","Annie","Annie"
"Ashe","Ashe","Ashe","Эш","Ashe","艾希","Ashe","Ashe","Ashe","Ashe","Ashe"
"Champion","Champion","Campione","Чемпион","Campeões","英雄","Mistrz","Champion","Campeón","Champion","Champion"
"AI Champions","AI Champions","Campioni controllati dall’IA","ИИ-Чемпионы","Bots","AI英雄","Mistrzowie AI","Champions IA","Campeones IA","AI Champions","KI-Champions"
"AI Difficulty","AI Difficulty","Difficoltà dell'IA","Сложность ИИ","Dificuldade da IA","AI难度","Trudność AI","Difficulté IA","Dificultad IA","AI Difficulty","KI-Schwierigkeit"
"Newbie","Newbie","Novellino","Новичок","Iniciante","新手","Nowicjusz","Débutant","Principiante","Newbie","Anfänger"
"Intermediate","Intermediate","Intermedio","Средний","Intermediário","中级","Średniozaawansowany","Intermédiaire","Intermedio","Intermediate","Mittel"
"Advanced","Advanced","Avanzato","Продвинутый","Avançado","高级","Zaawansowany","Avancé","Avanzado","Advanced","Fortgeschritten"
"Skin","Skin","Skin","Скин","Skin","皮肤","Skórka","Skin","Aspecto","Skin","Skin"
"Classic","Classic","Classica","Классический","Clássico","经典","Klasyczny","Classique","Clásico","Classic","Klassisch"
"ARAM","ARAM","ARAM","ARAM","ARAM","ARAM","ARAM","ARAM","ARAM","ARAM","ARAM"
"ODIN","ODIN","ODIN","ODIN","ODIN","ODIN","ODIN","ODIN","ODIN","ODIN","ODIN"
"Tutorial","Tutorial","Tutorial","Обучение","Tutorial","教程","Samouczek","Tutoriel","Tutorial","Tutorial","Tutorial"
"Game Mode","Game Mode","Modalità di gioco","Игровой режим","Modo de Jogo","游戏模式","Tryb gry","Mode de jeu","Modo de juego","Game Mode","Spielmodus"
"{wrapped_name}s Enabled","{wrapped_name}s Enabled","{wrapped_name} Abilitato/i","Включённые {wrapped_name}","{wrapped_name}s Enabled","已启用 {wrapped_name}","Włączono {wrapped_name}","{wrapped_name} activé(s)","{wrapped_name} habilitado(s)","{wrapped_name}s Enabled","{wrapped_name} aktiviert"
"Check {this_name}","Check {this_name}","Controlla {this_name}","Выберите {this_name}","Check {this_name}","勾选 {this_name}","Zaznacz {this_name}","Cocher {this_name}","Marcar {this_name}","Check {this_name}","{this_name} prüfen"
"{this_value_length} of {this_choices_length} checked","{this_value_length} of {this_choices_length} checked","{this_value_length} di {this_choices_length} controllato","{this_value_length} из {this_choices_length} выбрано","{this_value_length} of {this_choices_length} checked","已勾选 {this_value_length} 个（共 {this_choices_length} 个）","Zaznaczono {this_value_length} z {this_choices_length}","{this_value_length} sur {this_choices_length} cochés","{this_value_length} de {this_choices_length} marcados","{this_value_length} of {this_choices_length} checked","{this_value_length} von {this_choices_length} geprüft"
"Select {this_name}","Select {this_name}","Seleziona {this_name}","Выберите {this_name}","Select {this_name}","选择 {this_name}","Wybierz {this_name}","Sélectionner {this_name}","Seleccionar {this_name}","Select {this_name}","{this_name} auswählen"
"Test","Test","Test","Тест","Teste","测试","Test","Test","Prueba","Test","Test"
"Old Summoner's Rift","Old Summoner's Rift","Vecchia Landa dell'Evocatore","Старое Ущелье призывателей","Summoner's Rift Antigo","旧版召唤师峡谷","Stara Szczelina Przywoływacza","Ancienne Faille de l'Invocateur","Grieta del Invocador antigua","Old Summoner's Rift","Alte Kluft der Beschwörer"
"Old Summoner's Rift Autumn","Old Summoner's Rift Autumn","Vecchia Landa dell'Evocatore - Autunno","Старое Ущелье призывателей (Осень)","Summoner's Rift Antigo - Outono","旧版召唤师峡谷·秋季","Stara Szczelina Przywoływacza - Jesień","Ancienne Faille de l'Invocateur - Automne","Grieta del Invocador antigua - Otoño","Old Summoner's Rift Autumn","Alte Kluft der Beschwörer - Herbst"
"Proving Grounds","Proving Grounds","Campi di Prova","Земли испытаний","Proving Grounds","试炼场","Poligon","Terrains d'essai","Terreno de pruebas","Proving Grounds","Bewährungsgründe"
"Unknown (5)","Unknown (5)","Sconosciuto (5)","Название неизвестно (5)","Desconhecido","未知 (5)","Nieznany (5)","Inconnu (5)","Desconocido (5)","Unknown (5)","Unbekannt (5)"
"Summoner's Rift Winter (2011)","Summoner's Rift Winter (2011)","Landa dell'Evocatore – Inverno (2011)","Ущелье призывателей (Зима 2011)","Summoner's Rift - Inverno (2011)","召唤师峡谷 冬季（2011）","Szczelina Przywoływacza - Zima (2011)","Faille de l'Invocateur - Hiver (2011)","Grieta del Invocador - Invierno (2011)","Summoner's Rift Winter (2011)","Kluft der Beschwörer - Winter (2011)"
"Summoner's Rift Winter (2009)","Summoner's Rift Winter (2009)","Landa dell'Evocatore – Inverno (2009)","Ущелье призывателей (Зима 2009)","Summoner's Rift - Inverno (2009)","召唤师峡谷 冬季（2009）","Szczelina Przywoływacza - Zima (2009)","Faille de l'Invocateur - Hiver (2009)","Grieta del Invocador - Invierno (2009)","Summoner's Rift Winter (2009)","Kluft der Beschwörer - Winter (2009)"
"Crystal Scar","Crystal Scar","Landa di Cristallo","Кристальный каньон","Crystal Scar","水晶裂谷","Kryształowa Blizna","Cicatrice de cristal","Cicatriz de cristal","Crystal Scar","Kristallnarbe"
"Dominion Test","Dominion Test","Dominion Test","Доминион (тест)","Dominion Teste","统治测试","Test Dominium","Test Dominion","Prueba de Dominion","Dominion Test","Dominion-Test"
"New Twisted Treeline","New Twisted Treeline","Nuovo Sentiero Tortuoso","Новый Проклятый лес","Twisted Treeline (2012)","新扭曲丛林","Nowa Skręcona Linia Drzew","Nouvelle Ligne tortueuse","Línea retorcida nueva","New Twisted Treeline","Neue Verdrehte Baumlinie"
"New Summoner's Rift","New Summoner's Rift","Nuova Landa dell'Evocatore","Новое Ущелье призывателей","Summoner's Rift (2015)","新召唤师峡谷","Nowa Szczelina Przywoływacza","Nouvelle Faille de l'Invocateur","Grieta del Invocador nueva","New Summoner's Rift","Neue Kluft der Beschwörer"
"Howling Abyss","Howling Abyss","Abisso Urlante","Воющая бездна","Howling Abyss","嚎叫深渊","Wyjący Otchłań","Gouffre hurlant","Abismo de los Lamentos","Howling Abyss","Heulender Abgrund"
"Magma Chamber","Magma Chamber","Camera di Magma","Магматическая камера","Magma Chamber","岩浆之室","Komora Magmy","Chambre de magma","Cámara de magma","Magma Chamber","Magmakammer"
"Butcher's Bridge","Butcher's Bridge","Ponte del Macellaio","Мост мясника","Ponte da Carnificina","屠夫之桥","Most Rzeźnika","Pont du boucher","Puente del carnicero","Butcher's Bridge","Metzgerbrücke"
"Unknown (15)","Unknown (15)","Sconosciuto (15)","Название неизвестно (15)","Desconhecido (15)","未知（15）","Nieznany (15)","Inconnu (15)","Desconocido (15)","Unknown (15)","Unbekannt (15)"
"Cosmic Ruins","Cosmic Ruins","Rovine Cosmiche","Космические руины","Ruínas Cósmicas","宇宙废墟","Kosmiczne Ruiny","Ruines cosmiques","Ruinas cósmicas","Cosmic Ruins","Kosmische Ruinen"
"Unknown (17)","Unknown (17)","Sconociuto (17)","Название неизвестно (17)","Desconhecido (17)","未知 (17)","Nieznany (17)","Inconnu (17)","Desconocido (17)","Unknown (17)","Unbekannt (17)"
"Valoran City Park","Valoran City Park","Parco Cittadino di Valoran","Валоранский городской парк","Parque Municipal de Valoran","瓦洛兰城市公园","Park Miejski Valoran","Parc urbain de Valoran","Parque urbano de Valoran","Valoran City Park","Valoran Stadtpark"
"Substructure 43","Substructure 43","Sottostruttura 43","Субструктура 43","Subestrutura 43","43号地下结构","Podstruktura 43","Sous-structure 43","Subestructura 43","Substructure 43","Unterstruktur 43"
"Crash Site","Crash Site","Sito dell’Incidente","Место крушения","Local de acidente","坠机现场","Miejsce Katastrofy","Lieu du crash","Lugar del accidente","Crash Site","Absturzstelle"
"Temple of Lily and Lotus","Temple of Lily and Lotus","Tempio del Giglio e del Loto","Храм лилий и лотосов","Templo do Lírio e do Lótus","百合与莲花神殿","Świątynia Lilii i Lotosu","Temple du lys et du lotus","Templo del lirio y el loto","Temple of Lily and Lotus","Tempel der Lilie und des Lotus"
"Magma Chamber (recreated in Minecraft)","Magma Chamber (recreated in Minecraft)","Camera di Magma (ricreata in Minecraft)","Магматическая камера (воссоздана в Minecraft)","Magma Chamber (Recriado no Minecraft)","岩浆之室（在《我的世界》中重制）","Komora Magmy (odtworzona w Minecraft)","Chambre de magma (recréée dans Minecraft)","Cámara de magma (recreada en Minecraft)","Magma Chamber (recreated in Minecraft)","Magmakammer (in Minecraft nachgebaut)"
"Arena: Rings of Wrath","Arena: Rings of Wrath","Arena: Anelli dell’Ira","Арена: Кольца Гнева","Arena","竞技场：愤怒之环","Arena: Pierścienie Gniewu","Arène : Anneaux de la colère","Arena: Anillos de ira","Arena: Rings of Wrath","Arena: Ringe des Zorns"
"New Proving Grounds","New Proving Grounds","Nuovi Campi di Prova","Новые Земли испытаний","Novo Proving Grounds","新试炼场","Nowy Poligon","Nouveaux terrains d'essai","Nuevo terreno de pruebas","New Proving Grounds","Neue Bewährungsgründe"
"The Bandlewood","The Bandlewood","La Foresta di Bandle","Бандловое древо","Bandópolis","班德尔森林","Las Bandle","La forêt de Bandle","El bosque de Bandle","The Bandlewood","Der Bandlewald"
"Enter {this_name}","Enter {this_name}","Inserisci {this_name}","Введите {this_name}","Insira {this_name}","输入 {this_name}","Wprowadź {this_name}","Entrez {this_name}","Introduzca {this_name}","Enter {this_name}","Geben Sie {this_name} ein"
"Heal","Heal","Cura","Исцеление","Curar","治疗","Leczenie","Soigner","Curar","Heal","Heilen"
"Ghost","Ghost","Fantasmi","Призрак","Fantasma","幽灵","Duch","Fantôme","Fantasma","Ghost","Geist"
"Barrier","Barrier","Barriera","Барьер","Barreira","屏障","Bariera","Barrière","Barrera","Barrier","Barriere"
"Exhaust","Exhaust","Esaurimento","Изнурение","Exaustão","虚弱","Wyczerpanie","Épuisement","Agotar","Exhaust","Erschöpfung"
"Mark","Mark","Marchio","Метка","Marca","标记","Znak","Marque","Marca","Mark","Markierung"
"Dash","Dash","Scatto","Рывок","Avanço","冲刺","Szarża","Ruée","Embestida","Dash","Sprint"
"Clarity","Clarity","Chiarezza","Ясность","Clareza","明晰","Jasność","Clarté","Claridad","Clarity","Klarheit"
"Flash","Flash","Scatto lampo","Скачок","Flash","闪现","Błysk","Flash","Destello","Flash","Blitz"
"Teleport","Teleport","Teletrasporto","Телепорт","Teleporte","传送","Teleportacja","Téléportation","Teletransporte","Teleport","Teleport"
"Smite","Smite","Colpo di Fato","Кара","Golpear","惩戒","Porażenie","Châtiment","Castigar","Smite","Zerschmettern"
"Cleanse","Cleanse","Purificazione","Очищение","Purificar","净化","Oczyszczenie","Purification","Purificar","Cleanse","Reinigen"
"Ignite","Ignite","Accensione","Воспламенение","Incendiar","点燃","Podpalenie","Embrasement","Prender fuego","Ignite","Entzünden"
"BattleCry","BattleCry","Grido di Battaglia","Боевой клич","Grito de Batalha","战吼","Okrzyk Bojowy","Cri de guerre","Grito de guerra","BattleCry","Kriegsruf"
"Boost","Boost","Potenzia","Улучшение","Clareza","加速","Wzmocnienie","Booster","Impulso","Boost","Boost"
"Clairvoyance","Clairvoyance","Chiaroveggenza","Ясновидение","Clarividência","预知","Jasnowidzenie","Clairvoyance","Clarividencia","Clairvoyance","Hellsehen"
"Dot","Dot","Danno nel tempo","Точка","Incendiar","持续伤害","Obrażenia co sekundę","Dot","Daño periódico","Dot","Dot"
"Fortify","Fortify","Fortificazione","Укрепление","Fortificar","强化","Umocnienie","Fortifier","Fortificar","Fortify","Befestigen"
"Haste","Haste","Frenesia","Спешка","Fantasma","急速","Przyspieszenie","Hâte","Prisa","Haste","Hast"
"Mana","Mana","Mana","Мана","Clareza","法力","Mana","Mana","Maná","Mana","Mana"
"Rally","Rally","Raduno","Ралли","Revigorar","集结","Mobilizacja","Rassemblement","Reunir","Rally","Sammeln"
"Revive","Revive","Rianimazione","Возрождение","Ressucitar","复活","Ożywienie","Réanimation","Reanimar","Revive","Wiederbeleben"
"Promote","Promote","Promuovi","Повышение","Promover","晋升","Awans","Promouvoir","Promover","Promote","Befördern"
"OdinPromote","OdinPromote","Promuovi (Odin)","Повышение (ODIN)","Promover (Dominion)","OdinPromote.","Awans (Odin)","Promouvoir (Odin)","Promover (Odin)","OdinPromote","OdinBefördern"
"OdinSabotage","OdinSabotage","Sabotaggio (Odin)","Саботаж (ODIN)","Sabotar (Dominion)","OdinSabotage.","Sabotaż (Odin)","Sabotage (Odin)","Sabotaje (Odin)","OdinSabotage","OdinSabotage"
"OdinGarrison","OdinGarrison","Guarnigione (Odin)","Гарнизон (ODIN)","Fortificar (Dominion)","OdinGarrison.","Garnizon (Odin)","Garnison (Odin)","Guarnición (Odin)","OdinGarrison","OdinGarnison"
"PromoteSR","PromoteSR","Promuovi (Landa)","Повышение (УП)","Promover (SR)","PromoteSR.","Awans (Szczelina)","Promouvoir (Faille)","Promover (Grieta)","PromoteSR","BefördernSR"
"Observer","Observer","Osservatore","Наблюдение","Observar","Observer.","Obserwator","Observateur","Observador","Observer","Beobachter"
"ReviveSpeedBoost","ReviveSpeedBoost","Rianima e Potenzia Velocità","Ускорение при возраждении","Aceleração do Renascimento","ReviveSpeedBoost.","Ożywienie i Przyspieszenie","Réanimation et Boost de vitesse","Reanimar y acelerar","ReviveSpeedBoost","WiederbelebenGeschwindigkeitsBoost"
"Summoner Spell","Summoner Spell","Incantesimo dell'Evocatore","Заклинание призывателя","Feitiço de Invocador","Summoner Spell.","Zaklęcie Przywoływacza","Sortilège d'invocateur","Hechizo de invocador","Summoner Spell","Beschwörerzauber"
"FISHBONES","FISHBONES","FISHBONES","СКЕЛЕТНИЦА","FISHBONES","FISHBONES.","FISHBONES","FISHBONES","FISHBONES","FISHBONES","FISHBONES"
"Loading...","Loading...","Caricamento...","Загрузка...","Carregando…","加载中...","Ładowanie...","Chargement...","Cargando...","Loading...","Laden..."
"Check and download launcher updates","Check and download launcher updates","Controlla e scarica gli aggiornamenti del launcher","Проверять и скачивать обновления лаунчера","Checar e baixar atualizações do launcher","检查并下载启动器更新","Sprawdź i pobierz aktualizacje launchera","Vérifier et télécharger les mises à jour du lanceur","Comprobar y descargar actualizaciones del lanzador","Check and download launcher updates","Launcher-Updates prüfen und herunterladen"
"Install the additional levels package","Install the additional levels package","Installa il pacchetto di livelli aggiuntivi","Установить пакет с дополнительными уровнями","Instalar pacote adicional de mapas","安装额外关卡包","Zainstaluj pakiet dodatkowych poziomów","Installer le paquet de niveaux supplémentaires","Instalar el paquete de niveles adicionales","Install the additional levels package","Paket mit zusätzlichen Levels installieren"
"Download files from","Download files from","Scarica file da","Скачивать файлы с","Baixar arquivos do","从以下来源下载文件：","Pobierz pliki z","Télécharger les fichiers depuis","Descargar archivos desde","Download files from","Dateien herunterladen von"
"torrent + mega.nz","torrent + mega.nz","torrent + mega.nz","торрентов + mega.nz","torrent + mega.nz","torrent + mega.nz","torrent + mega.nz","torrent + mega.nz","torrent + mega.nz","torrent + mega.nz","Torrent + mega.nz"
"torrent","torrent","torrent","торрентов","torrent","torrent","torrent","torrent","torrent","torrent","Torrent"
"mega.nz","mega.nz","mega.nz","mega.nz","mega.nz","mega.nz","mega.nz","mega.nz","mega.nz","mega.nz","mega.nz"
"Download game server updates from","Download game server updates from","Scarica gli aggiornamenti del server di gioco da","Скачивать обновления игрового сервера от","Baixar atualizações do servidor do jogo de","从以下来源下载游戏服务器更新：","Pobierz aktualizacje serwera gry z","Télécharger les mises à jour du serveur de jeu depuis","Descargar actualizaciones del servidor de juego desde","Download game server updates from","Spielserver-Updates herunterladen von"
"repo","repo","repo","репозитория","Repositorio","存储库","repozytorium","dépôt","repositorio","repo","Repo"
"PLAY","PLAY","GIOCA","ИГРАТЬ","Jogar","播放","GRAJ","JOUER","JUGAR","PLAY","SPIELEN"
"TEST","TEST","TESTA","ТЕСТИРОВАТЬ","Testar","测试","TESTUJ","TESTER","PROBAR","TEST","TESTEN"
"Please wait for the text to appear","Please wait for the text to appear","Si prega di attendere che il testo venga visualizzato","Пожалуйста, дождитесь появления текста","Por favor, aguarde a próxima mensagem aparecer","请等待文字显示","Poczekaj na pojawienie się tekstu","Veuillez attendre que le texte apparaisse","Espere a que aparezca el texto","Please wait for the text to appear","Bitte warten Sie, bis der Text erscheint"
"WARNING","WARNING","ATTENZIONE","ПРЕДУПРЕЖДЕНИЕ","ALERTA","警告","OSTRZEŻENIE","AVERTISSEMENT","ADVERTENCIA","WARNING","WARNUNG"
"Cancel","Cancel","Cancella","Отменить","Cancelar","取消","Anuluj","Annuler","Cancelar","Cancel","Abbrechen"
"Copy","Copy","Copia","Копировать","Copiar","复制","Kopiuj","Copier","Copiar","Copy","Kopieren"
"Paste","Paste","Incolla","Вставить","Colar","粘贴","Wklej","Coller","Pegar","Paste","Einfügen"
"Connect","Connect","Connettiti","Подключиться","Conectar","连接","Połącz","Se connecter","Conectar","Connect","Verbinden"
"Manacosts","Manacosts","Costo mana","Стоимости","Custos de Mana","法力消耗","Koszty many","Coûts de mana","Costes de maná","Manacosts","Manakosten"
"Cooldowns","Cooldowns","Tempo di recupero","Перезарядки","Cooldowns","冷却时间","Czasy odnowienia","Temps de recharge","Tiempos de reutilización","Cooldowns","Abklingzeiten"
"Minions","Minions","Minion","Миньоны","Minions","小兵","Miniony","Sbires","Súbditos","Minions","Vasallen"
"Cheats","Cheats","Trucchi","Читы","Cheats","作弊码","Cheat'y","Triches","Trucos","Cheats","Cheats"
"Game Name","Game Name","Nome della partita","Название игры","Nome do Jogo","游戏名称","Nazwa gry","Nom de la partie","Nombre de la partida","Game Name","Spielname"
"Owner","Owner","Proprietario","Владелец","Líder","所有者","Właściciel","Propriétaire","Propietario","Owner","Besitzer"
"Ping","Ping","Ping","Пинг","Ping","延迟","Ping","Ping","Ping","Ping","Ping"
"Slots","Slots","Slot","Слоты","Slot","席位","Sloty","Emplacements","Ranuras","Slots","Slots"
"Mode","Mode","Modalità","Режим","Modo","模式","Tryb","Mode","Modo","Mode","Modus"
"Map","Map","Mappa","Карта","Mapa","地图","Mapa","Carte","Mapa","Map","Karte"
"CLASSIC","CLASSIC","CLASSICO","КЛАССИЧЕСКИЙ","CLÁSSICO","经典","KLASYCZNY","CLASSIQUE","CLÁSICO","CLASSIC","KLASSISCH"
"The commit (version) of the remote server does not match the commit (version) of your local server","The commit (version) of the remote server does not match the commit (version) of your local server","Il commit (versione) del server remoto non corrisponde al commit (versione) del tuo server locale","Коммит (версия) удаленного сервера не соответствует коммиту (версии) вашего локального сервера","A versão do servidor remoto não condiz com a versão do servidor local","远程服务器的提交（版本）与您的本地服务器的提交（版本）不匹配","Commit (wersja) zdalnego serwera nie zgadza się z commitem (wersją) twojego lokalnego serwera","Le commit (version) du serveur distant ne correspond pas au commit (version) de votre serveur local","El commit (versión) del servidor remoto no coincide con el commit (versión) de su servidor local","The commit (version) of the remote server does not match the commit (version) of your local server","Der Commit (Version) des Remote-Servers stimmt nicht mit dem Commit (Version) Ihres lokalen Servers überein"
"Waiting for the servers to appear on the local network...","Waiting for the servers to appear on the local network...","In attesa che i server appaiano sulla rete locale...","Ждем, пока серверы появятся в локальной сети...","Aguardando servidores aparecerem na rede local…","正在等待本地网络中出现服务器……","Oczekiwanie na pojawienie się serwerów w sieci lokalnej...","En attente que les serveurs apparaissent sur le réseau local...","Esperando a que los servidores aparezcan en la red local...","Waiting for the servers to appear on the local network...","Warten darauf, dass die Server im lokalen Netzwerk erscheinen..."
"Quit","Quit","Esci","Выйти","Sair","退出","Wyjdź","Quitter","Salir","Quit","Beenden"
"Host Game","Host Game","Ospita partita","Создать игру","Hospedar partida","主持游戏","Gospodarz gry","Héberger une partie","Alojar partida","Host Game","Spiel hosten"
"Game Map","Game Map","Mappa di gioco","Игровая карта","Mapa do Jogo","游戏地图","Mapa gry","Carte de jeu","Mapa del juego","Game Map","Spielkarte"
"Summoner's Rift","Summoner's Rift","Landa dell'Evocatore","Ущелье призывателей","Summoner's Rift","召唤师峡谷","Szczelina Przywoływacza","Faille de l'Invocateur","Grieta del Invocador","Summoner's Rift","Kluft der Beschwörer"
"Game Mode","Game Mode","Modalita di gioco","Игровой режим","Modo de Jogo","游戏模式","Tryb gry","Mode de jeu","Modo de juego","Game Mode","Spielmodus"
"Classic","Classic","Classico","Классический","Clássico","经典","Klasyczny","Classique","Clásico","Classic","Klassisch"
"Game Type","Game Type","Tipo di partita","Тип игры","Tipo de Jogo","游戏类型","Typ gry","Type de partie","Tipo de partida","Game Type","Spieltyp"
"Blind Pick","Blind Pick","Selezione alla cieca","Выбор вслепую","Escolha às Cegas","盲选","Losowy wybór","Sélection aveugle","Selección a ciegas","Blind Pick","Blindauswahl"
"Tick Rate","Tick Rate","Frequenza tick","Частота обновлений","Tick Rate","刷新率","Częstotliwość ticków","Fréquence de tick","Tasa de ticks","Tick Rate","Tick-Rate"
"Team Size","Team Size","Dimensione della squadra","Размер команды","Tamanho da Equipe","队伍规模","Rozmiar drużyny","Taille de l'équipe","Tamaño del equipo","Team Size","Teamgröße"
"Password (Optional)","Password (Optional)","Password (Opzionale)","Пароль (необязательно)","Senha (Opcional)","密码（可选）","Hasło (Opcjonalne)","Mot de passe (Optionnel)","Contraseña (Opcional)","Password (Optional)","Passwort (Optional)"
"password","password","password","пароль","senha","密码","hasło","mot de passe","contraseña","password","passwort"
"Champions","Champions","Champions","Чемпионы","Campeões","英雄","Mistrzowie","Champions","Campeones","Champions","Champions"
"Click to select","Click to select","Fare clic per selezionare","Нажмите для выбора","Clique para selecionar","点击选择","Kliknij, aby wybrać","Cliquez pour sélectionner","Haga clic para seleccionar","Click to select","Klicken zum Auswählen"
"Summoner Spells","Summoner Spells","Incantesimi dell'evocatore","Заклинания призывателя","Feitiços de Invocador","召唤师技能","Zaklęcia Przywoływacza","Sortilèges d'invocateur","Hechizos de invocador","Summoner Spells","Beschwörerzauber"
"Features","Features","Caratteristiche","Опции","Configurações","功能","Funkcje","Fonctionnalités","Características","Features","Funktionen"
"Summoner's Name","Summoner's Name","Nome dell'evocatore","Имя призывателя","Nome de Invocador","召唤师名称","Nazwa Przywoływacza","Nom de l'invocateur","Nombre del invocador","Summoner's Name","Name des Beschwörers"
"Join","Join","Unisciti","Присоединиться","Juntar-se","加入","Dołącz","Rejoindre","Unirse","Join","Beitreten"
"Add Bot","Add Bot","Aggiungi Bot","Добавить бота","Adicionar Bot","添加机器人","Dodaj Bota","Ajouter un bot","Añadir bot","Add Bot","Bot hinzufügen"
"Autofill","Autofill","Riempimento automatico","Автозаполнение","Preenchimento Automático","自动填充","Autouzupełnianie","Remplissage automatique","Autorrelleno","Autofill","Autoausfüllen"
"Start Game","Start Game","Inizia partita","Начать игру","Iniciar partida","开始游戏","Rozpocznij grę","Commencer la partie","Iniciar partida","Start Game","Spiel starten"
"You cannot start the game until all players are fully connected (☑)","You cannot start the game until all players are fully connected (☑)","Non puoi iniziare la partita finché tutti i giocatori non sono completamente connessi (☑)","Вы не можете начать игру, пока все игроки не будут полностью подключены (☑)","Não é possível iniciar partida até que todos jogadores estejam conectados  (☑)","在所有玩家完全连接（☑）之前，您无法开始游戏","Nie możesz rozpocząć gry, dopóki wszyscy gracze nie będą w pełni połączeni (☑)","Vous ne pouvez pas commencer la partie tant que tous les joueurs ne sont pas entièrement connectés (☑)","No puedes iniciar la partida hasta que todos los jugadores estén completamente conectados (☑)","You cannot start the game until all players are fully connected (☑)","Sie können das Spiel nicht starten, bis alle Spieler vollständig verbunden sind (☑)"
"You cannot start the game until all players are fully connected and marked by ✅","You cannot start the game until all players are fully connected and marked by ✅","Non puoi iniziare la partita finché tutti i giocatori non sono completamente connessi e contrassegnati da ✅","Вы не можете начать игру, пока все игроки не будут полностью подключены и отмечены ✅","Não é possível iniciar partida até que todos jogadores estejam conectados e marcados com ✅","在所有玩家完全连接并显示✅标记之前，您无法开始游戏","Nie możesz rozpocząć gry, dopóki wszyscy gracze nie będą w pełni połączeni i oznaczeni ✅","Vous ne pouvez pas commencer la partie tant que tous les joueurs ne sont pas entièrement connectés et marqués par ✅","No puedes iniciar la partida hasta que todos los jugadores estén completamente conectados y marcados con ✅","You cannot start the game until all players are fully connected and marked by ✅","Sie können das Spiel nicht starten, bis alle Spieler vollständig verbunden und mit ✅ markiert sind"
"Offline","Offline","Offline","Не в сети","Offline","离线","Offline","Hors ligne","Sin conexión","Offline","Offline"
"Edit Masteries","Edit Masteries","Modifica Maestrie","Править Таланты","Editar Talentos","编辑天赋","Edytuj Umiejętności","Modifier les maîtrises","Editar maestrías","Edit Masteries","Meisterschaften bearbeiten"
"Connections","Connections","Connessioni","Соединения","Conexões","连接","Połączenia","Connexions","Conexiones","Connections","Verbindungen"
"Invite / Connect","Invite / Connect","Invita / Connettiti","Пригласить / Подключиться","Convidar / Conectar","邀请/连接","Zaprosz / Połącz","Inviter / Se connecter","Invitar / Conectar","Invite / Connect","Einladen / Verbinden"
"No connections","No connections","Nessuna connessione","Нет соединений","Sem Conexões","无连接","Brak połączeń","Aucune connexion","Sin conexiones","No connections","Keine Verbindungen"
"Mastery Page 1","Mastery Page 1","Pagina Maestria 1","Страница Талантов 1","Pagina de Talentos 1","天赋第1页","Strona Umiejętności 1","Page de maîtrise 1","Página de maestría 1","Mastery Page 1","Meisterschaftsseite 1"
"Lock In","Lock In","Conferma","Блокировать","Confirmar","锁定","Zatwierdź","Verrouiller","Bloquear","Lock In","Festlegen"
"Loading data...","Loading data...","Caricamento dati in corso…","Загрузка данных...","Carregando dados…","加载数据……","Ładowanie danych...","Chargement des données...","Cargando datos...","Loading data...","Daten werden geladen..."
"There are no merge requests for testing","There are no merge requests for testing","Non ci sono merge request da testare","Нет запросов на слияние доступных для тестирования","Não há merge requests para testar","没有待测试的合并请求","Nie ma żądań scalania do przetestowania","Il n'y a aucune demande de fusion à tester","No hay solicitudes de fusión para probar","There are no merge requests for testing","Es gibt keine Merge-Anfragen zum Testen"
"!36 · created 20 hours ago by Jinx","!36 · created 20 hours ago by Jinx","!36 · creato 20 ore fa da Jinx","!36 · создано 20 часов назад пользователем Jinx","","!36 · 20小时前由Jinx创建","!36 · utworzone 20 godzin temu przez Jinx","!36 · créé il y a 20 heures par Jinx","!36 · creado hace 20 horas por Jinx","!36 · created 20 hours ago by Jinx","!36 · vor 20 Stunden von Jinx erstellt"
"Don't change the branch","Don't change the branch","Non cambiare il ramo","Не менять ветку","Não mudar de branch","请勿更改分支","Nie zmieniaj gałęzi","Ne changez pas de branche","No cambie la rama","Don't change the branch","Ändern Sie nicht die Branche"
"Play","Play","Gioca","Играть","Jogar","开始游戏","Graj","Jouer","Jugar","Play","Spielen"
"Delete","Delete","Elimina","Удалить","Deletar","删除","Usuń","Supprimer","Eliminar","Delete","Löschen"
"Revert","Revert","Ripristina","Вернуть","Reverter","回滚","Przywróć","Rétablir","Revertir","Revert","Zurücksetzen"
"Save","Save","Salva","Сохранить","Salvar","保存","Zapisz","Enregistrer","Guardar","Save","Speichern"
"Offense","Offense","Offense","Неистовство","Ataque","进攻","Ofensywa","Attaque","Ofensiva","Offense","Offensive"
"Points Available:","Points Available:","Punti Disponibili:","Доступные баллы:","Pontos Diponíveis:","可用点数","Dostępne punkty:","Points disponibles :","Puntos disponibles:","Points Available:","Verfügbare Punkte:"
"Enter your message here","Enter your message here","Inserisci qui il tuo messaggio","Введите свое сообщение здесь","Digite sua mensagem aqui","在此输入您的消息","Wpisz swoją wiadomość tutaj","Entrez votre message ici","Introduzca su mensaje aquí","Enter your message here","Geben Sie hier Ihre Nachricht ein"
"Discord","Discord","Discord","Дискорд","Discord","Discord","Discord","Discord","Discord","Discord","Discord"
"New game found!","New game found!","Nuova partita trovata!","Найдена новая игра!","Nova partida encontrada!","找到新游戏！","Znaleziono nową grę!","Nouvelle partie trouvée !","¡Nueva partida encontrada!","New game found!","Neues Spiel gefunden!"
"Copy the text below and send it to players you trust so they can connect","Copy the text below and send it to players you trust so they can connect","Copia il testo qui sotto e invialo ai giocatori di cui ti fidi in modo che possano connettersi","Скопируйте текст ниже и отправьте его игрокам, которым вы доверяете, чтобы они могли подключиться","Copie o texto abaixo e envie para outros jogadores que você confia para ele conectarem","复制下方文本并发送给您信任的玩家，以便他们连接","Skopiuj poniższy tekst i wyślij go graczom, którym ufasz, aby mogli się połączyć","Copiez le texte ci-dessous et envoyez-le aux joueurs en qui vous avez confiance afin qu'ils puissent se connecter","Copie el texto de abajo y envíelo a los jugadores en los que confía para que puedan conectarse","Copy the text below and send it to players you trust so they can connect","Kopieren Sie den Text unten und senden Sie ihn an Spieler, denen Sie vertrauen, damit sie sich verbinden können"
"Paste the text you received from someone you trust and click connect","Paste the text you received from someone you trust and click connect","Incolla il testo che hai ricevuto da qualcuno di cui ti fidi e clicca su Connetti","Вставьте текст, полученный от человека, которому вы доверяете, и нажмите подключиться","Cole o texto que você recebeu de um jogador que você confia e clique em conectar","粘贴您从可信联系人处收到的文本，然后点击“连接”","Wklej tekst otrzymany od osoby, której ufasz, i kliknij połącz","Collez le texte que vous avez reçu de quelqu'un en qui vous avez confiance et cliquez sur se connecter","Pegue el texto que recibió de alguien en quien confía y haga clic en conectar","Paste the text you received from someone you trust and click connect","Fügen Sie den Text ein, den Sie von jemandem erhalten haben, dem Sie vertrauen, und klicken Sie auf verbinden"
"Continue","Continue","Continua","Продолжить","Continuar","继续","Kontynuuj","Continuer","Continuar","Continue","Weiter"
"{i}v{i}","{i}v{i}","{i}v{i}","{i} на {i}","{i}v{i}","{i}v{i}","{i} na {i}","{i} contre {i}","{i} contra {i}","{i}v{i}","{i} gegen {i}"
"{v} fps","{v} fps","{v} fps","{v} герц","{v} fps","{v} fps","{v} fps","{v} fps","{v} fps","{v} fps","{v} fps"
"Force the use of English, ignoring the system settings","Force the use of English, ignoring the system settings","Force the use of English, ignoring the system settings","Force the use of English, ignoring the system settings","Force the use of English, ignoring the system settings","Force the use of English, ignoring the system settings","Wymuś użycie języka angielskiego, ignorując ustawienia systemowe","Forcer l'utilisation de l'anglais, en ignorant les paramètres du système","Forzar el uso del inglés, ignorando la configuración del sistema","Force the use of English, ignoring the system settings","Erzwingen Sie die Verwendung von Englisch, indem Sie die Systemeinstellungen ignorieren"
"Draft Pick","Draft Pick","Selezione draft","Выбор по очереди","Escolha por draft","选人模式","Wybór projektowy","Sélection par draft","Selección por draft","Draft Pick","Draft-Auswahl"
"All Random","All Random","Tutto casuale","Все случайные","Tudo aleatório","全随机","Całkowicie losowy","Tout aléatoire","Todo aleatorio","All Random","Alles zufällig"
"Enable Firewall Mode","Enable Firewall Mode","Abilita modalità firewall","Включить режим брандмауэра","Ativar modo de firewall","启用防火墙模式","Włącz tryb zapory sieciowej","Activer le mode pare-feu","Activar modo cortafuegos","Enable Firewall Mode","Firewall-Modus aktivieren"
"Enable Bypass Mode","Enable Bypass Mode","Abilita modalità bypass","Включить режим обхода","Ativar modo de bypass","启用绕过模式","Włącz tryb obejścia","Activer le mode contournement","Activar modo de omisión","Enable Bypass Mode","Umgehungsmodus aktivieren"
"Perform a free disk space check","Perform a free disk space check","Esegui controllo spazio su disco libero","Выполнить проверку свободного места на диске","Verificar espaço livre em disco","检查可用磁盘空间","Sprawdź wolne miejsce na dysku","Vérifier l'espace disque libre","Comprobar espacio libre en disco","Perform a free disk space check","Freien Speicherplatz überprüfen"
"(Internal) Specify the auto-suggested locale to use","(Internal) Specify the auto-suggested locale to use","(Interno) Specificare le impostazioni locali suggerite automaticamente da utilizzare","(Внутренний) Укажите автоматически предложенный язык для использования","(Interno) Especificar a localidade sugerida automaticamente para usar","(内部) 指定要使用的自动建议区域设置","(Wewnętrzne) Określ automatycznie sugerowane ustawienia regionalne do użycia","(Interne) Spécifier les paramètres régionaux suggérés automatiquement à utiliser","(Interno) Especificar la configuración regional sugerida automáticamente para usar","(Internal) Specify the auto-suggested locale to use","(Intern) Geben Sie das automatisch vorgeschlagene Gebietsschema an, das verwendet werden soll"
"(Internal) Specify the locale to use","(Internal) Specify the locale to use","(Interno) Specificare le impostazioni locali da utilizzare","(Внутренний) Укажите язык для использования","(Interno) Especificar a localidade a ser usada","(内部) 指定要使用的区域设置","(Wewnętrzne) Określ ustawienia regionalne do użycia","(Interne) Spécifier les paramètres régionaux à utiliser","(Interno) Especificar la configuración regional a usar","(Internal) Specify the locale to use","(Intern) Geben Sie das zu verwendende Gebietsschema an"
"An unexpected exception occurred:","An unexpected exception occurred:","Si è verificata un'eccezione imprevista:","Произошло непредвиденное исключение:","Ocorreu uma exceção inesperada:","发生意外异常","Wystąpił nieoczekiwany wyjątek:","Une exception inattendue s'est produite :","Se produjo una excepción inesperada:","An unexpected exception occurred:","Eine unerwartete Ausnahme ist aufgetreten:"
"Reading filesystem stats failed","Reading filesystem stats failed","Lettura delle statistiche del filesystem non riuscita","Не удалось прочитать статистику файловой системы","Falha ao ler estatísticas do sistema de arquivos","读取文件系统统计信息失败","Odczytywanie statystyk systemu plików nie powiodło się","Échec de la lecture des statistiques du système de fichiers","Falló la lectura de las estadísticas del sistema de archivos","Reading filesystem stats failed","Lesen der Dateisystemstatistiken fehlgeschlagen"
"{size} more disk space required on {path}","{size} more disk space required on {path}","Richiesti {size} di spazio su disco in più su {path}","Требуется еще {size} дискового пространства на {path}","Mais {size} de espaço em disco necessário em {path}","{path} 路径下需要 {size} 更多磁盘空间","Na ścieżce {path} wymagane jest {size} więcej miejsca na dysku","{size} d'espace disque supplémentaire requis sur {path}","Se requiere {size} más de espacio en disco en {path}","{size} more disk space required on {path}","Auf {path} sind {size} mehr Speicherplatz erforderlich"
"Restoring launcher package failed:","Restoring launcher package failed:","Ripristino del pacchetto del launcher non riuscito:","Не удалось восстановить пакет лаунчера:","Falha ao restaurar o pacote do launcher:","恢复启动器包失败","Przywracanie pakietu launchera nie powiodło się:","Échec de la restauration du paquet du lanceur :","Falló la restauración del paquete del lanzador:","Restoring launcher package failed:","Wiederherstellen des Launcher-Pakets fehlgeschlagen:"
"Moving ""{foundPkgDir}"" to ""{pkg_dir}""...","Moving ""{foundPkgDir}"" to ""{pkg_dir}""...","Spostamento di ""{foundPkgDir}"" in ""{pkg_dir}""...","Перемещение ""{foundPkgDir}"" в ""{pkg_dir}""...","Movendo ""{foundPkgDir}"" para ""{pkg_dir}""...","将 “{foundPkgDir}” 移动到 “{pkg_dir}”...","Przenoszenie „{foundPkgDir}” do „{pkg_dir}”...","Déplacement de « {foundPkgDir} » vers « {pkg_dir} »...","Moviendo ""{foundPkgDir}"" a ""{pkg_dir}""...","Moving ""{foundPkgDir}"" to ""{pkg_dir}""...","Verschieben von „{foundPkgDir}“ nach „{pkg_dir}“..."
"Moving files from ""{foundPkgDir}"" to ""{pkg_dir}""...","Moving files from ""{foundPkgDir}"" to ""{pkg_dir}""...","Spostamento dei file da ""{foundPkgDir}"" a ""{pkg_dir}""...","Перемещение файлов из ""{foundPkgDir}"" в ""{pkg_dir}""...","Movendo arquivos de ""{foundPkgDir}"" para ""{pkg_dir}""...","将文件从 “{foundPkgDir}” 移动到 “{pkg_dir}”...","Przenoszenie plików z „{foundPkgDir}” do „{pkg_dir}”...","Déplacement des fichiers de « {foundPkgDir} » vers « {pkg_dir} »...","Moviendo archivos de ""{foundPkgDir}"" a ""{pkg_dir}""...","Moving files from ""{foundPkgDir}"" to ""{pkg_dir}""...","Verschieben von Dateien von „{foundPkgDir}“ nach „{pkg_dir}“..."
"Skipping ""{foundPkgDir}"" because it does not contain some files: {missingEntries}","Skipping ""{foundPkgDir}"" because it does not contain some files: {missingEntries}","Saltando ""{foundPkgDir}"" perché mancano alcuni file: {missingEntries}","Пропуск ""{foundPkgDir}"", так как отсутствуют некоторые файлы: {missingEntries}","Ignorando ""{foundPkgDir}"" porque não contém alguns arquivos: {missingEntries}","跳过 “{foundPkgDir}”，因为它缺少以下文件：{missingEntries}","Pomijanie „{foundPkgDir}”, ponieważ brakuje w nim niektórych plików: {missingEntries}","Ignorer « {foundPkgDir} » car il ne contient pas certains fichiers : {missingEntries}","Omitiendo ""{foundPkgDir}"" porque no contiene algunos archivos: {missingEntries}","Skipping ""{foundPkgDir}"" because it does not contain some files: {missingEntries}","„{foundPkgDir}“ wird übersprungen, da einige Dateien fehlen: {missingEntries}"
"Moving ""{foundPkgZip}"" to ""{pkg_zip}""","Moving ""{foundPkgZip}"" to ""{pkg_zip}""","Spostamento di ""{foundPkgZip}"" in ""{pkg_zip}""","Перемещение ""{foundPkgZip}"" в ""{pkg_zip}""","Movendo ""{foundPkgZip}"" para ""{pkg_zip}""","将 “{foundPkgZip}” 移动到 “{pkg_zip}”","Przenoszenie „{foundPkgZip}” do „{pkg_zip}”","Déplacement de « {foundPkgZip} » vers « {pkg_zip} »","Moviendo ""{foundPkgZip}"" a ""{pkg_zip}""","Moving ""{foundPkgZip}"" to ""{pkg_zip}""","Verschieben von „{foundPkgZip}“ nach „{pkg_zip}“"
"Running","Running","In esecuzione","Запуск","Executando","正在运行","Uruchamianie","En cours d'exécution","Ejecutando","Running","Läuft"
"Out-of-date data cleanup failed.","Out-of-date data cleanup failed.","Pulizia dei dati obsoleti non riuscita.","Очистка устаревших данных не удалась.","Falha na limpeza de dados desatualizados.","过期数据清理失败","Czyszczenie nieaktualnych danych nie powiodło się.","Échec du nettoyage des données obsolètes.","Falló la limpieza de datos obsoletos.","Out-of-date data cleanup failed.","Bereinigung veralteter Daten fehlgeschlagen."
"Enter player name","Enter player name","Inserisci nome giocatore","Введите имя игрока","Digite o nome do jogador","输入玩家名称","Wprowadź nazwę gracza","Entrez le nom du joueur","Introduzca el nombre del jugador","Enter player name","Spielernamen eingeben"
"Checkbox","Checkbox","Casella di controllo","Флажок","Caixa de seleção","复选框","Pole wyboru","Case à cocher","Casilla de verificación","Checkbox","Kontrollkästchen"
"Check Features Enabled","Check Features Enabled","Controlla funzionalità abilitate","Отметьте включенные функции","Marcar recursos ativados","勾选已启用功能","Zaznacz Włączone funkcje","Cocher Fonctionnalités activées","Marcar Funciones habilitadas","Check Features Enabled","Aktivierte Funktionen prüfen"
"Select a custom game lobby","Select a custom game lobby","Seleziona una lobby di gioco personalizzata","Выберите пользовательское игровое лобби","Selecione um saguão de jogo personalizado","选择自定义游戏大厅","Wybierz niestandardową poczekalnię gry","Sélectionner un hall de jeu personnalisé","Seleccionar un vestíbulo de juego personalizado","Select a custom game lobby","Benutzerdefinierte Spiel-Lobby auswählen"
"Insufficient disk space","Insufficient disk space","Spazio su disco insufficiente","Недостаточно места на диске","Espaço em disco insuficiente","磁盘空间不足","Niewystarczająca ilość miejsca na dysku","Espace disque insuffisant","Espacio en disco insuficiente","Insufficient disk space","Nicht genügend Speicherplatz"
"Retry ↻","Retry ↻","Riprova ↻","Повторить ↻","Tentar novamente ↻","重试 ↻","Ponów ↻","Réessayer ↻","Reintentar ↻","Retry ↻","Wiederholen ↻"
"Experiments","Experiments","Sperimentazioni","Эксперименты","Experimentos","实验功能","Eksperymenty","Expériences","Experimentos","Experiments","Experimente"
"HALF-PING: Trying to lower the ping and equalize it for everyone. Causes desynchronization!","HALF-PING: Trying to lower the ping and equalize it for everyone. Causes desynchronization!","HALF-PING: Tentativo di ridurre il ping e uniformarlo per tutti. Provoca desincronizzazione!","HALF-PING: Попытка снизить пинг и выровнять его для всех. Вызывает десинхронизацию!","HALF-PING: Tentando reduzir o ping e igualá-lo para todos. Causa dessincronização!","HALF-PING：尝试降低延迟并使其对所有人保持一致会导致不同步！","HALF-PING: Próba obniżenia pingu i wyrównania go dla wszystkich. Powoduje desynchronizację!","HALF-PING : Essayer de réduire le ping et de l'égaliser pour tout le monde. Provoque une désynchronisation !","HALF-PING: Intentar reducir el ping y igualarlo para todos. ¡Causa desincronización!","HALF-PING: Trying to lower the ping and equalize it for everyone. Causes desynchronization!","HALF-PING: Versuch, den Ping zu senken und für alle auszugleichen. Verursacht Desynchronisation!"
"BYPASS: Connect the client to the local server directly.","BYPASS: Connect the client to the local server directly.","BYPASS: Connetti il client direttamente al server locale.","BYPASS: Подключить клиент к локальному серверу напрямую.","BYPASS: Conectar o cliente ao servidor local diretamente.","BYPASS：将客户端直接连接到本地服务器","BYPASS: Bezpośrednie połączenie klienta z serwerem lokalnym.","BYPASS : Connecter le client directement au serveur local.","BYPASS: Conectar el cliente al servidor local directamente.","BYPASS: Connect the client to the local server directly.","BYPASS: Den Client direkt mit dem lokalen Server verbinden."
"Play Alone","Play Alone","Gioca da solo","Играть в одиночку","Jogar sozinho","单人游玩","Graj sam","Jouer seul","Jugar solo","Play Alone","Allein spielen"
"Publish Game","Publish Game","Pubblica partita","Опубликовать игру","Publicar partida","发布游戏","Opublikuj grę","Publier la partie","Publicar partida","Publish Game","Spiel veröffentlichen"
"Building","Building","Compilazione","Сборка","Compilando","建筑","Budowanie","Construction","Construyendo","Building","Bauen"
"automatic command","automatic command","comando automatico","автоматическая команда","comando automático","自动命令","polecenie automatyczne","commande automatique","comando automático","automatic command","automatischer Befehl"
"custom command","custom command","comando personalizzato","пользовательская команда","comando personalizado","自定义命令","polecenie niestandardowe","commande personnalisée","comando personalizado","custom command","benutzerdefinierter Befehl"
"automatic location","automatic location","posizione automatica","автоматическое расположение","localização automática","自动位置","lokalizacja automatyczna","emplacement automatique","ubicación automática","automatic location","automatische Position"
"C drive","C drive","unità C","диск C","unidade C","C 盘","dysk C","lecteur C","unidad C","C drive","Laufwerk C"
"Fishbones_Data folder","Fishbones_Data folder","cartella Fishbones_Data","папка Fishbones_Data","pasta Fishbones_Data","Fishbones_Data 文件夹","folder Fishbones_Data","dossier Fishbones_Data","carpeta Fishbones_Data","Fishbones_Data folder","Fishbones_Data-Ordner"
"custom location","custom location","posizione personalizzata","пользовательское расположение","localização personalizada","自定义位置","lokalizacja niestandardowa","emplacement personnalisé","ubicación personalizada","custom location","benutzerdefinierte Position"
"The file is unavailable, please try updating at least once.","The file is unavailable, please try updating at least once.","Il file non è disponibile, provare ad aggiornare almeno una volta.","Файл недоступен, попробуйте обновить хотя бы один раз.","O arquivo não está disponível, tente atualizar pelo menos uma vez.","文件不可用，请至少尝试更新一次。","Plik jest niedostępny, spróbuj zaktualizować przynajmniej raz.","Le fichier n'est pas disponible, veuillez essayer de mettre à jour au moins une fois.","El archivo no está disponible, intente actualizar al menos una vez.","The file is unavailable, please try updating at least once.","Die Datei ist nicht verfügbar, bitte versuchen Sie mindestens einmal zu aktualisieren."
"No servers with suitable clients are installed","No servers with suitable clients are installed","Non sono installati server con client appropriati","Не установлены серверы с подходящими клиентами","Nenhum servidor com clientes adequados está instalado","未安装具有合适客户端的服务器","Nie zainstalowano żadnych serwerów z odpowiednimi klientami","Aucun serveur avec des clients appropriés n'est installé","No hay servidores instalados con clientes adecuados","No servers with suitable clients are installed","Keine Server mit geeigneten Clients installiert"
"You do not have the client version required to play on this server","You do not have the client version required to play on this server","Non hai la versione del client richiesta per giocare su questo server","У вас нет версии клиента, необходимой для игры на этом сервере","Você não tem a versão do cliente necessária para jogar neste servidor","您没有在此服务器上玩游戏所需的客户端版本","Nie masz wymaganej wersji klienta do gry na tym serwerze","Vous n'avez pas la version du client requise pour jouer sur ce serveur","No tiene la versión del cliente requerida para jugar en este servidor","You do not have the client version required to play on this server","Sie haben nicht die Client-Version, die erforderlich ist, um auf diesem Server zu spielen"
"The game client will crash at the beginning of the game","The game client will crash at the beginning of the game","Il client di gioco si bloccherà all'inizio della partita","Игровой клиент вылетит в начале игры","O cliente do jogo irá travar no início da partida","游戏客户端将在游戏开始时崩溃","Klient gry zawiesi się na początku gry","Le client de jeu plantera au début de la partie","El cliente del juego se bloqueará al comienzo de la partida","The game client will crash at the beginning of the game","Der Spielclient wird am Anfang des Spiels abstürzen"
"Unknown #UNK","Unknown #UNK","Sconosciuto #UNK","Неизвестно #UNK","Desconhecido #UNK","未知 #UNK","Nieznany #UNK","Inconnu #UNK","Desconocido #UNK","Unknown #UNK","Unbekannt #UNK"
"Anonymous {champion}","Anonymous {champion}","Anonimo {champion}","Аноним {champion}","Anônimo {champion}","匿名 {champion}","Anonimowy {champion}","Anonyme {champion}","Anónimo {champion}","Anonymous {champion}","Anonym {champion}"
"Install the package with additional locales","Install the package with additional locales","Installa il pacchetto con impostazioni locali aggiuntive","Установить пакет с дополнительными языковыми стандартами","Instalar o pacote com localidades adicionais","安装包含额外区域设置的包","Zainstaluj pakiet z dodatkowymi ustawieniami regionalnymi","Installer le paquet avec des paramètres régionaux supplémentaires","Instalar el paquete con configuraciones regionales adicionales","Install the package with additional locales","Paket mit zusätzlichen Gebietsschemas installieren"
"(Debug) Update git repositories","(Debug) Update git repositories","(Debug) Aggiorna repository git","(Отладка) Обновить git-репозитории","(Debug) Atualizar repositórios git","(调试) 更新 git 仓库","(Debug) Aktualizuj repozytoria git","(Débogage) Mettre à jour les dépôts git","(Depurar) Actualizar repositorios git","(Debug) Update git repositories","(Debug) Git-Repositories aktualisieren"
"Disable Summoner Spells","Disable Summoner Spells","Disabilita incantesimi dell'evocatore","Отключить заклинания призывателя","Desativar feitiços de invocador","禁用召唤师技能","Wyłącz zaklęcia przywoływacza","Désactiver les sortilèges d'invocateur","Desactivar hechizos de invocador","Disable Summoner Spells","Beschwörerzauber deaktivieren"
"Enable All Champions","Enable All Champions","Abilita tutti i campioni","Включить всех чемпионов","Ativar todos os campeões","启用所有英雄","Włącz wszystkich mistrzów","Activer tous les champions","Activar todos los campeones","Enable All Champions","Alle Champions aktivieren"
"Latest version on releases page:","Latest version on releases page:","Ultima versione nella pagina delle release:","Последняя версия на странице релизов:","Última versão na página de lançamentos:","发布页面上的最新版本：","Najnowsza wersja na stronie wydań:","Dernière version sur la page des versions :","Última versión en la página de versiones:","Latest version on releases page:","Neueste Version auf der Releases-Seite:"
"The public key is not the official one that is hardcoded in the program.","The public key is not the official one that is hardcoded in the program.","La chiave pubblica non è quella ufficiale codificata nel programma.","Открытый ключ не является официальным, который жестко прописан в программе.","A chave pública não é a oficial que está codificada no programa.","公钥不是程序中硬编码的官方公钥。","Klucz publiczny nie jest oficjalnym kluczem zakodowanym na stałe w programie.","La clé publique n'est pas celle officielle qui est codée en dur dans le programme.","La clave pública no es la oficial que está codificada en el programa.","The public key is not the official one that is hardcoded in the program.","Der öffentliche Schlüssel ist nicht der offizielle, der im Programm fest codiert ist."
"The file version is not newer than the latest known version file.","The file version is not newer than the latest known version file.","La versione del file non è più recente dell'ultimo file di versione conosciuto.","Версия файла не новее последнего известного файла версии.","A versão do arquivo não é mais recente que o último arquivo de versão conhecido.","文件版本不晚于最新的已知版本文件。","Wersja pliku nie jest nowsza niż najnowsza znana wersja pliku.","La version du fichier n'est pas plus récente que le dernier fichier de version connu.","La versión del archivo no es más reciente que el último archivo de versión conocido.","The file version is not newer than the latest known version file.","Die Dateiversion ist nicht neuer als die neueste bekannte Versionsdatei."
"The file does not contain a current platform.","The file does not contain a current platform.","Il file non contiene una piattaforma corrente.","Файл не содержит текущей платформы.","O arquivo não contém uma plataforma atual.","文件不包含当前平台。","Plik nie zawiera bieżącej platformy.","Le fichier ne contient pas de plateforme actuelle.","El archivo no contiene una plataforma actual.","The file does not contain a current platform.","Die Datei enthält keine aktuelle Plattform."
"Code:","Code:","Codice:","Код:","Código:","代码：","Kod:","Code :","Código:","Code:","Code:"
"BrokenWings (Season 1)","BrokenWings (Season 1)","BrokenWings (Stagione 1)","BrokenWings (Сезон 1)","BrokenWings (Temporada 1)","BrokenWings（第1赛季）","BrokenWings (Sezon 1)","BrokenWings (Saison 1)","BrokenWings (Temporada 1)","BrokenWings (Season 1)","BrokenWings (Staffel 1)"
"Repairing failed","Repairing failed","Riparazione non riuscita","Восстановление не удалось","Reparo falhou","修复失败","Naprawa nie powiodła się","La réparation a échoué","Falló la reparación","Repairing failed","Reparatur fehlgeschlagen"
"Updating game server package failed:","Updating game server package failed:","Aggiornamento del pacchetto del server di gioco non riuscito:","Не удалось обновить пакет игрового сервера:","Falha ao atualizar o pacote do servidor de jogo:","更新游戏服务器包失败：","Aktualizacja pakietu serwera gry nie powiodła się:","Échec de la mise à jour du paquet du serveur de jeu :","Falló la actualización del paquete del servidor de juego:","Updating game server package failed:","Aktualisierung des Spielserver-Pakets fehlgeschlagen:"
"Chronobreak (Season 1)","Chronobreak (Season 1)","Chronobreak (Stagione 1)","Chronobreak (Сезон 1)","Chronobreak (Temporada 1)","Chronobreak（第1赛季）","Chronobreak (Sezon 1)","Chronobreak (Saison 1)","Chronobreak (Temporada 1)","Chronobreak (Season 1)","Chronobreak (Staffel 1)"
"TestGrounds (Season 4)","TestGrounds (Season 4)","TestGrounds (Stagione 4)","TestGrounds (Сезон 4)","TestGrounds (Temporada 4)","TestGrounds（第4赛季）","TestGrounds (Sezon 4)","TestGrounds (Saison 4)","TestGrounds (Temporada 4)","TestGrounds (Season 4)","TestGrounds (Staffel 4)"
"LoLSrv (Pre Season 1)","LoLSrv (Pre Season 1)","LoLSrv (Pre Stagione 1)","LoLSrv (До Сезона 1)","LoLSrv (Pré-Temporada 1)","LoLSrv（第1赛季前）","LoLSrv (Przed Sezonem 1)","LoLSrv (Avant la saison 1)","LoLSrv (Antes de la temporada 1)","LoLSrv (Pre Season 1)","LoLSrv (Vor Staffel 1)"
"SDK installation is probably corrupted","SDK installation is probably corrupted","L'installazione dell'SDK è probabilmente danneggiata","Установка SDK, вероятно, повреждена","A instalação do SDK provavelmente está corrompida","SDK 安装可能已损坏","Instalacja SDK jest prawdopodobnie uszkodzona","L'installation du SDK est probablement corrompue","La instalación del SDK probablemente esté dañada","SDK installation is probably corrupted","SDK-Installation ist wahrscheinlich beschädigt"
"exit code is {exitCode}","exit code is {exitCode}","il codice di uscita è {exitCode}","код выхода равен {exitCode}","o código de saída é {exitCode}","退出代码为 {exitCode}","kod wyjścia to {exitCode}","le code de sortie est {exitCode}","el código de salida es {exitCode}","exit code is {exitCode}","Exit-Code ist {exitCode}"
"TestGrounds","TestGrounds","TestGrounds","TestGrounds","TestGrounds","TestGrounds","TestGrounds","TestGrounds","TestGrounds","TestGrounds","TestGrounds"
"Additional Locales For 1.0.0.126","Additional Locales For 1.0.0.126","Impostazioni locali aggiuntive per 1.0.0.126","Дополнительные языковые стандарты для 1.0.0.126","Localidades adicionais para 1.0.0.126","1.0.0.126 的额外区域设置","Dodatkowe ustawienia regionalne dla 1.0.0.126","Paramètres régionaux supplémentaires pour 1.0.0.126","Configuraciones regionales adicionales para 1.0.0.126","Additional Locales For 1.0.0.126","Zusätzliche Gebietsschemas für 1.0.0.126"
"Wine","Wine","Wine","Wine","Wine","Wine","Wine","Wine","Wine","Wine","Wine"
"The update failed, see the log for details.","The update failed, see the log for details.","L'aggiornamento non è riuscito, vedere il log per i dettagli.","Обновление не удалось, подробности см. в журнале.","A atualização falhou, veja o log para detalhes.","更新失败，请参阅日志了解详情。","Aktualizacja nie powiodła się, zobacz dziennik, aby uzyskać szczegóły.","La mise à jour a échoué, voir le journal pour plus de détails.","La actualización falló, consulte el registro para más detalles.","The update failed, see the log for details.","Das Update ist fehlgeschlagen, siehe Log für Details."
"Skin {i}","Skin {i}","Skin {i}","Скин {i}","Skin {i}","皮肤 {i}","Skórka {i}","Skin {i}","Aspecto {i}","Skin {i}","Skin {i}"
"First Blood","First Blood","Prima sangue","Первая кровь","Primeira morte","第一滴血","Pierwsza Krew","Premier sang","Primera sangre","First Blood","First Blood"
"Ascension","Ascension","Ascesa","Возвышение","Ascensão","飞升","Wniebowstąpienie","Ascension","Ascensión","Ascension","Aufstieg"
"BrokenWings","BrokenWings","BrokenWings","BrokenWings","BrokenWings","BrokenWings","BrokenWings","BrokenWings","BrokenWings","BrokenWings","BrokenWings"
"Chronobreak","Chronobreak","Chronobreak","Chronobreak","Chronobreak","Chronobreak","Chronobreak","Chronobreak","Chronobreak","Chronobreak","Chronobreak"
"Minor rework of character data.","Minor rework of character data.","Rielaborazione minore dei dati dei personaggi.","Незначительная переработка данных персонажей.","Pequena reformulação dos dados dos personagens.","角色数据的微小重做。","Drobna zmiana danych postaci.","Refonte mineure des données de personnage.","Retoque menor de los datos de personaje.","Minor rework of character data.","Kleine Überarbeitung der Charakterdaten."
"Enable online updates","Enable online updates","Abilita aggiornamenti online","Включить онлайн-обновления","Ativar atualizações online","启用在线更新","Włącz aktualizacje online","Activer les mises à jour en ligne","Activar actualizaciones en línea","Enable online updates","Online-Updates aktivieren"
"Search for players online","Search for players online","Cerca giocatori online","Поиск игроков онлайн","Procurar jogadores online","在线搜索玩家","Szukaj graczy online","Rechercher des joueurs en ligne","Buscar jugadores en línea","Search for players online","Nach Spielern online suchen"
"Enable Season 1 (Recommended)","Enable Season 1 (Recommended)","Abilita Stagione 1 (Consigliato)","Включить Сезон 1 (Рекомендуется)","Ativar Temporada 1 (Recomendado)","启用第1赛季（推荐）","Włącz Sezon 1 (Zalecane)","Activer la saison 1 (Recommandé)","Activar temporada 1 (Recomendado)","Enable Season 1 (Recommended)","Staffel 1 aktivieren (Empfohlen)"
"Enable Season 4 (Experimental)","Enable Season 4 (Experimental)","Abilita Stagione 4 (Sperimentale)","Включить Сезон 4 (Экспериментально)","Ativar Temporada 4 (Experimental)","启用第4赛季（实验性）","Włącz Sezon 4 (Eksperymentalne)","Activer la saison 4 (Expérimental)","Activar temporada 4 (Experimental)","Enable Season 4 (Experimental)","Staffel 4 aktivieren (Experimentell)"
"Force the use of English, ignoring the system settings","Force the use of English, ignoring the system settings","Force the use of English, ignoring the system settings","Force the use of English, ignoring the system settings","Force the use of English, ignoring the system settings","Force the use of English, ignoring the system settings","Force the use of English, ignoring the system settings","Force the use of English, ignoring the system settings","Force the use of English, ignoring the system settings","Force the use of English, ignoring the system settings","Force the use of English, ignoring the system settings"
"Install 1st season game client to","Install 1st season game client to","Installa il client di gioco della 1ª stagione in","Установить клиент игры 1-го сезона в","Instalar cliente de jogo da 1ª temporada em","安装第1赛季游戏客户端到","Zainstaluj klienta gry z 1. sezonu do","Installer le client de jeu de la 1ère saison dans","Instalar cliente de juego de la 1ª temporada en","Install 1st season game client to","Spielclient der 1. Staffel installieren nach"
"Install the additional languages package","Install the additional languages package","Installa il pacchetto di lingue aggiuntive","Установить пакет дополнительных языков","Instalar o pacote de idiomas adicionais","安装额外语言包","Zainstaluj pakiet dodatkowych języków","Installer le paquet de langues supplémentaires","Instalar el paquete de idiomas adicionales","Install the additional languages package","Paket mit zusätzlichen Sprachen installieren"
"Install ChildrenOfTheGrave game server","Install ChildrenOfTheGrave game server","Installa il server di gioco ChildrenOfTheGrave","Установить игровой сервер ChildrenOfTheGrave","Instalar servidor de jogo ChildrenOfTheGrave","安装 ChildrenOfTheGrave 游戏服务器","Zainstaluj serwer gry ChildrenOfTheGrave","Installer le serveur de jeu ChildrenOfTheGrave","Instalar servidor de juego ChildrenOfTheGrave","Install ChildrenOfTheGrave game server","ChildrenOfTheGrave-Spielserver installieren"
"Install 4th season game client to","Install 4th season game client to","Installa il client di gioco della 4ª stagione in","Установить клиент игры 4-го сезона в","Instalar cliente de jogo da 4ª temporada em","安装第4赛季游戏客户端到","Zainstaluj klienta gry z 4. sezonu do","Installer le client de jeu de la 4ème saison dans","Instalar cliente de juego de la 4ª temporada en","Install 4th season game client to","Spielclient der 4. Staffel installieren nach"
"Install Chronobreak game server","Install Chronobreak game server","Installa il server di gioco Chronobreak","Установить игровой сервер Chronobreak","Instalar servidor de jogo Chronobreak","安装 Chronobreak 游戏服务器","Zainstaluj serwer gry Chronobreak","Installer le serveur de jeu Chronobreak","Instalar servidor de juego Chronobreak","Install Chronobreak game server","Chronobreak-Spielserver installieren"
"Install TestGrounds game server","Install TestGrounds game server","Installa il server di gioco TestGrounds","Установить игровой сервер TestGrounds","Instalar servidor de jogo TestGrounds","安装 TestGrounds 游戏服务器","Zainstaluj serwer gry TestGrounds","Installer le serveur de jeu TestGrounds","Instalar servidor de juego TestGrounds","Install TestGrounds game server","TestGrounds-Spielserver installieren"
"Update TestGrounds game server","Update TestGrounds game server","Aggiorna il server di gioco TestGrounds","Обновить игровой сервер TestGrounds","Atualizar servidor de jogo TestGrounds","更新 TestGrounds 游戏服务器","Aktualizuj serwer gry TestGrounds","Mettre à jour le serveur de jeu TestGrounds","Actualizar servidor de juego TestGrounds","Update TestGrounds game server","TestGrounds-Spielserver aktualisieren"
"Install closed beta 1 game client to","Install closed beta 1 game client to","Installa il client di gioco della closed beta 1 in","Установить клиент игры закрытой беты 1 в","Instalar cliente de jogo da beta fechada 1 em","安装封闭测试版1游戏客户端到","Zainstaluj klienta gry zamkniętej bety 1 do","Installer le client de jeu bêta fermée 1 dans","Instalar cliente de juego beta cerrada 1 en","Install closed beta 1 game client to","Geschlossenen Beta-1-Spielclient installieren nach"
"Install closed beta 3 game client to","Install closed beta 3 game client to","Installa il client di gioco della closed beta 3 in","Установить клиент игры закрытой беты 3 в","Instalar cliente de jogo da beta fechada 3 em","安装封闭测试版3游戏客户端到","Zainstaluj klienta gry zamkniętej bety 3 do","Installer le client de jeu bêta fermée 3 dans","Instalar cliente de juego beta cerrada 3 en","Install closed beta 3 game client to","Geschlossenen Beta-3-Spielclient installieren nach"
"Install LoLSrv game server","Install LoLSrv game server","Installa il server di gioco LoLSrv","Установить игровой сервер LoLSrv","Instalar servidor de jogo LoLSrv","安装 LoLSrv 游戏服务器","Zainstaluj serwer gry LoLSrv","Installer le serveur de jeu LoLSrv","Instalar servidor de juego LoLSrv","Install LoLSrv game server","LoLSrv-Spielserver installieren"
"Use WINE to run game client with an","Use WINE to run game client with an","Usa WINE per eseguire il client di gioco con un","Использовать WINE для запуска игрового клиента с","Usar WINE para executar o cliente de jogo com um","使用 WINE 运行游戏客户端，带有","Użyj WINE do uruchomienia klienta gry z","Utiliser WINE pour exécuter le client de jeu avec un","Usar WINE para ejecutar el cliente del juego con un","Use WINE to run game client with an","WINE verwenden, um den Spielclient mit einem auszuführen"
"Share or apply launcher update code","Share or apply launcher update code","Condividi o applica il codice di aggiornamento del launcher","Поделиться или применить код обновления лаунчера","Compartilhar ou aplicar código de atualização do launcher","分享或应用启动器更新代码","Udostępnij lub zastosuj kod aktualizacji launchera","Partager ou appliquer le code de mise à jour du lanceur","Compartir o aplicar código de actualización del lanzador","Share or apply launcher update code","Launcher-Update-Code teilen oder anwenden"
"Show decoded","Show decoded","Mostra decodificato","Показать декодированное","Mostrar decodificado","显示解码后内容","Pokaż zdekodowane","Afficher décodé","Mostrar decodificado","Show decoded","Dekodiert anzeigen"
"Select the [server + client] combination to use","Select the [server + client] combination to use","Seleziona la combinazione [server + client] da utilizzare","Выберите комбинацию [сервер + клиент] для использования","Selecione a combinação [servidor + cliente] a usar","选择要使用的 [服务器 + 客户端] 组合","Wybierz kombinację [serwer + klient] do użycia","Sélectionnez la combinaison [serveur + client] à utiliser","Seleccione la combinación [servidor + cliente] a usar","Select the [server + client] combination to use","Wählen Sie die zu verwendende Kombination [Server + Client] aus"
"Broken Wings (Season 1) + v1.0.0.126 (Season 1)","Broken Wings (Season 1) + v1.0.0.126 (Season 1)","Broken Wings (Stagione 1) + v1.0.0.126 (Stagione 1)","Broken Wings (Сезон 1) + v1.0.0.126 (Сезон 1)","Broken Wings (Temporada 1) + v1.0.0.126 (Temporada 1)","Broken Wings（第1赛季）+ v1.0.0.126（第1赛季）","Broken Wings (Sezon 1) + v1.0.0.126 (Sezon 1)","Broken Wings (Saison 1) + v1.0.0.126 (Saison 1)","Broken Wings (Temporada 1) + v1.0.0.126 (Temporada 1)","Broken Wings (Season 1) + v1.0.0.126 (Season 1)","Broken Wings (Staffel 1) + v1.0.0.126 (Staffel 1)"
"Chronobreak (Season 1) + v4.20 (Season 4)","Chronobreak (Season 1) + v4.20 (Season 4)","Chronobreak (Stagione 1) + v4.20 (Stagione 4)","Chronobreak (Сезон 1) + v4.20 (Сезон 4)","Chronobreak (Temporada 1) + v4.20 (Temporada 4)","Chronobreak（第1赛季）+ v4.20（第4赛季）","Chronobreak (Sezon 1) + v4.20 (Sezon 4)","Chronobreak (Saison 1) + v4.20 (Saison 4)","Chronobreak (Temporada 1) + v4.20 (Temporada 4)","Chronobreak (Season 1) + v4.20 (Season 4)","Chronobreak (Staffel 1) + v4.20 (Staffel 4)"
"Reduce the amount of transmitted traffic. Causes crash and wired behaviours!","Reduce the amount of transmitted traffic. Causes crash and wired behaviours!","Riduci la quantità di traffico trasmesso. Provoca crash e comportamenti strani!","Уменьшить объем передаваемого трафика. Вызывает вылеты и странное поведение!","Reduzir a quantidade de tráfego transmitido. Causa travamentos e comportamentos estranhos!","减少传输流量。会导致崩溃和奇怪的行为！","Zmniejsz ilość przesyłanego ruchu. Powoduje awarie i dziwne zachowania!","Réduire la quantité de trafic transmis. Provoque des plantages et des comportements étranges !","Reducir la cantidad de tráfico transmitido. ¡Causa bloqueos y comportamientos extraños!","Reduce the amount of transmitted traffic. Causes crash and wired behaviours!","Menge des übertragenen Verkehrs reduzieren. Verursacht Abstürze und seltsames Verhalten!"
"Allow to choose any champion. Causes missing spells and passives!","Allow to choose any champion. Causes missing spells and passives!","Consenti di scegliere qualsiasi campione. Provoca incantesimi e passive mancanti!","Разрешить выбор любого чемпиона. Вызывает отсутствие заклинаний и пассивных навыков!","Permitir escolher qualquer campeão. Causa feitiços e passivas faltantes!","允许选择任何英雄。会导致缺失技能和被动效果！","Pozwala wybrać dowolnego mistrza. Powoduje brakujące zaklęcia i pasywki!","Permet de choisir n'importe quel champion. Provoque des sorts et des passifs manquants !","Permite elegir cualquier campeón. ¡Causa hechizos y pasivas faltantes!","Allow to choose any champion. Causes missing spells and passives!","Erlaubt die Auswahl eines beliebigen Champions. Verursacht fehlende Zauber und Passiven!"
"Warning","Warning","Avvertimento","Предупреждение","Aviso","警告","Ostrzeżenie","Avertissement","Advertencia","Warning","Warnung"
"Search","Search","Cerca","Поиск","Pesquisar","搜索","Szukaj","Rechercher","Buscar","Search","Suchen"
"Copy the launcher update code below and share it","Copy the launcher update code below and share it","Copia il codice di aggiornamento del launcher qui sotto e condividilo","Скопируйте код обновления лаунчера ниже и поделитесь им","Copie o código de atualização do launcher abaixo e compartilhe","复制下面的启动器更新代码并分享","Skopiuj poniższy kod aktualizacji launchera i udostępnij go","Copiez le code de mise à jour du lanceur ci-dessous et partagez-le","Copie el código de actualización del lanzador de abajo y compártalo","Copy the launcher update code below and share it","Kopieren Sie den Launcher-Update-Code unten und teilen Sie ihn"
"Find and paste the launcher update code below","Find and paste the launcher update code below","Trova e incolla il codice di aggiornamento del launcher qui sotto","Найдите и вставьте код обновления лаунчера ниже","Encontre e cole o código de atualização do launcher abaixo","找到并粘贴下面的启动器更新代码","Znajdź i wklej poniżej kod aktualizacji launchera","Trouvez et collez le code de mise à jour du lanceur ci-dessous","Encuentre y pegue el código de actualización del lanzador a continuación","Find and paste the launcher update code below","Finden und fügen Sie den Launcher-Update-Code unten ein"
"The launcher update code will appear here for copying and sharing","The launcher update code will appear here for copying and sharing","Il codice di aggiornamento del launcher apparirà qui per essere copiato e condiviso","Код обновления лаунчера появится здесь для копирования и обмена","O código de atualização do launcher aparecerá aqui para copiar e compartilhar","启动器更新代码将显示在此处以供复制和分享","Kod aktualizacji launchera pojawi się tutaj do skopiowania i udostępnienia","Le code de mise à jour du lanceur apparaîtra ici pour être copié et partagé","El código de actualización del lanzador aparecerá aquí para copiar y compartir","The launcher update code will appear here for copying and sharing","Der Launcher-Update-Code wird hier zum Kopieren und Teilen angezeigt"
"Paste the found launcher update code here","Paste the found launcher update code here","Incolla qui il codice di aggiornamento del launcher trovato","Вставьте найденный код обновления лаунчера сюда","Cole o código de atualização do launcher encontrado aqui","将找到的启动器更新代码粘贴到这里","Wklej tutaj znaleziony kod aktualizacji launchera","Collez le code de mise à jour du lanceur trouvé ici","Pegue el código de actualización del lanzador encontrado aquí","Paste the found launcher update code here","Fügen Sie den gefundenen Launcher-Update-Code hier ein"
"Apply","Apply","Applica","Применить","Aplicar","应用","Zastosuj","Appliquer","Aplicar","Apply","Anwenden"